Molecule List Name,Precursor Name,Precursor Mz,Precursor Charge,Product Mz,Product Charge,Explicit Retention Time,Explicit Retention Time Window,Note
CE,CE(14:0),614.6,1,369.4,1,11.54,0.5,SIL_CE(16:0)_d7_Lipidyzer
CE,CE(16:0),642.6,1,369.4,1,12.28,0.5,SIL_CE(16:0)_d7_Lipidyzer
CE,CE(16:1),640.6,1,369.4,1,11.56,0.5,SIL_CE(16:1)_d7_Lipidyzer
CE,CE(18:0),670.6,1,369.4,1,12.84,0.5,SIL_CE(18:1)_d7_Lipidyzer
CE,CE(18:1),668.6,1,369.4,1,12.27,0.5,SIL_CE(18:1)_d7_Lipidyzer
CE,CE(18:2),666.6,1,369.4,1,11.7,0.5,SIL_CE(18:2)_d7_Lipidyzer
CE,CE(18:3),664.6,1,369.4,1,11.25,0.5,SIL_CE(18:2)_d7_Lipidyzer
CE,CE(20:0),698.7,1,369.4,1,13.05,0.5,SIL_CE(20:3)_d7_Lipidyzer
CE,CE(20:1),696.7,1,369.4,1,12.83,0.5,SIL_CE(20:3)_d7_Lipidyzer
CE,CE(20:2),694.6,1,369.4,1,12.34,0.5,SIL_CE(20:3)_d7_Lipidyzer
CE,CE(20:3),692.6,1,369.4,1,11.8,0.5,SIL_CE(20:3)_d7_Lipidyzer
CE,CE(20:4),690.6,1,369.4,1,11.44,0.5,SIL_CE(20:4)_d7_Lipidyzer
CE,CE(20:5),688.6,1,369.4,1,11.02,0.5,SIL_CE(20:5)_d7_Lipidyzer
CE,CE(22:0),726.7,1,369.4,1,13.97,0.5,SIL_CE(22:6)_d7_Lipidyzer
CE,CE(22:1),724.7,1,369.4,1,13.27,0.5,SIL_CE(22:6)_d7_Lipidyzer
CE,CE(22:2),722.7,1,369.4,1,12.83,0.5,SIL_CE(22:6)_d7_Lipidyzer
CE,CE(22:4),718.6,1,369.4,1,11.87,0.5,SIL_CE(22:6)_d7_Lipidyzer
CE,CE(22:5),716.6,1,369.4,1,11.47,0.5,SIL_CE(22:6)_d7_Lipidyzer
CE,CE(22:6),714.6,1,369.4,1,11.22,0.5,SIL_CE(22:6)_d7_Lipidyzer
CE,CE(24:0),754.7,1,369.4,1,14.63,0.5,SIL_CE(22:6)_d7_Lipidyzer
CE,CE(24:1),752.7,1,369.4,1,13.97,0.5,SIL_CE(22:6)_d7_Lipidyzer
CE,SIL_CE(16:0)_d7_Lipidyzer,649.6,1,376.5,1,12.2,0.5,NA
CE,SIL_CE(16:1)_d7_Lipidyzer,647.6,1,376.5,1,11.56,0.5,NA
CE,SIL_CE(18:1)_d7_Lipidyzer,675.6,1,376.5,1,12.18,0.5,NA
CE,SIL_CE(18:2)_d7_Lipidyzer,673.6,1,376.5,1,11.66,0.5,NA
CE,SIL_CE(20:3)_d7_Lipidyzer,699.6,1,376.5,1,11.75,0.5,NA
CE,SIL_CE(20:4)_d7_Lipidyzer,697.6,1,376.5,1,11.39,0.5,NA
CE,SIL_CE(20:5)_d7_Lipidyzer,695.6,1,376.5,1,11.01,0.5,NA
CE,SIL_CE(22:6)_d7_Lipidyzer,721.6,1,376.5,1,11.17,0.5,NA
CER,CER(14:0),510.6,1,264.4,1,6.64,0.5,SIL_CER(16:0)_d_Lipidyzer
CER,CER(16:0),538.6,1,264.4,1,7.8,0.5,SIL_CER(16:0)_d_Lipidyzer
CER,CER(18:0),566.7,1,264.4,1,9.12,0.5,SIL_CER(16:0)_d_Lipidyzer
CER,CER(18:1),564.8,1,264.4,1,8.04,0.5,SIL_CER(16:0)_d_Lipidyzer
CER,CER(20:0),594.6,1,264.4,1,9.46,0.5,SIL_CER(16:0)_d_Lipidyzer
CER,CER(20:1),592.6,1,264.4,1,9.25,0.5,SIL_CER(16:0)_d_Lipidyzer
CER,CER(22:0),622.7,1,264.4,1,9.72,0.5,SIL_CER(16:0)_d_Lipidyzer
CER,CER(22:1),620.7,1,264.4,1,9.46,0.5,SIL_CER(16:0)_d_Lipidyzer
CER,CER(24:0),650.8,1,264.4,1,10.02,0.5,SIL_CER(16:0)_d_Lipidyzer
CER,CER(24:1),648.8,1,264.4,1,9.71,0.5,SIL_CER(16:0)_d_Lipidyzer
CER,CER(26:0),678.9,1,264.4,1,10.33,0.5,SIL_CER(16:0)_d_Lipidyzer
CER,CER(26:1),676.9,1,264.4,1,10,0.5,SIL_CER(16:0)_d_Lipidyzer
CER,SIL_CER(16:0)_d_Lipidyzer,547.6,1,264.4,1,7.77,0.5,NA
DAG,DAG(14:0_14:0),530.4,1,285.2,1,7.44,0.5,SIL_DAG(16:0_16:0)_d9_Lipidyzer
DAG,DAG(14:0_16:1),556.5,1,285.2,1,7.59,0.5,SIL_DAG(16:0_16:0)_d9_Lipidyzer
DAG,DAG(14:0_18:1),584.4,1,285.2,1,8.89,0.5,SIL_DAG(16:0_18:1)_d9_Lipidyzer
DAG,DAG(14:0_18:2),582.4,1,285.2,1,7.86,0.5,SIL_DAG(16:0_18:2)_d9_Lipidyzer
DAG,DAG(14:0_18:3),580.4,1,285.2,1,7.05,0.5,SIL_DAG(16:0_18:3)_d9_Lipidyzer
DAG,DAG(14:0_20:0),614.6,1,285.2,1,9.66,0.5,SIL_DAG(16:0_20:4)_d9_Lipidyzer
DAG,DAG(14:0_20:4),606.4,1,285.2,1,7.65,0.5,SIL_DAG(16:0_20:4)_d9_Lipidyzer
DAG,DAG(14:0_22:6),630.5,1,285.3,1,7.37,0.5,SIL_DAG(16:0_22:6)_d9_Lipidyzer
DAG,DAG(16:0_16:0),586.5,1,313.3,1,9.36,0.5,SIL_DAG(16:0_16:0)_d9_Lipidyzer
DAG,DAG(16:0_16:1),584.4,1,313.2,1,8.93,0.5,SIL_DAG(16:0_16:0)_d9_Lipidyzer
DAG,DAG(16:0_18:0),614.4,1,313.2,1,9.64,0.5,SIL_DAG(16:0_18:0)_d9_Lipidyzer
DAG,DAG(16:0_18:1),612.6,1,313.2,1,9.4,0.5,SIL_DAG(16:0_18:1)_d9_Lipidyzer
DAG,DAG(16:0_18:2),610.4,1,313.2,1,9.14,0.5,SIL_DAG(16:0_18:2)_d9_Lipidyzer
DAG,DAG(16:0_18:3),608.5,1,313.2,1,8.27,0.5,SIL_DAG(16:0_18:3)_d9_Lipidyzer
DAG,DAG(16:0_20:3),636.5,1,313.3,1,9.24,0.5,SIL_DAG(16:0_20:4)_d9_Lipidyzer
DAG,DAG(16:0_20:4),634.5,1,313.3,1,8.99,0.5,SIL_DAG(16:0_20:4)_d9_Lipidyzer
DAG,DAG(16:0_20:5),632.4,1,313.3,1,8.09,0.5,SIL_DAG(16:0_20:5)_d9_Lipidyzer
DAG,DAG(16:0_22:5),660.5,1,313.3,1,9.23,0.5,SIL_DAG(16:0_22:6)_d9_Lipidyzer
DAG,DAG(16:0_22:6),658.5,1,313.3,1,8.63,0.5,SIL_DAG(16:0_22:6)_d9_Lipidyzer
DAG,DAG(16:1_16:1),582.4,1,311.2,1,7.75,0.5,SIL_DAG(16:0_16:0)_d9_Lipidyzer
DAG,DAG(16:1_18:0),612.6,1,311.3,1,9.41,0.5,SIL_DAG(16:0_18:0)_d9_Lipidyzer
DAG,DAG(16:1_18:1),610.4,1,311.2,1,9.05,0.5,SIL_DAG(16:0_18:1)_d9_Lipidyzer
DAG,DAG(16:1_18:2),608.5,1,311.2,1,8.04,0.5,SIL_DAG(16:0_18:2)_d9_Lipidyzer
DAG,DAG(16:1_18:3),606.4,1,311.2,1,7.35,0.5,SIL_DAG(16:0_18:3)_d9_Lipidyzer
DAG,DAG(16:1_20:0),640.6,1,283.2,1,9.67,0.5,SIL_DAG(16:0_20:4)_d9_Lipidyzer
DAG,DAG(16:1_20:2),636.6,1,311.3,1,9.17,0.5,SIL_DAG(16:0_20:4)_d9_Lipidyzer
DAG,DAG(16:1_20:4),632.4,1,311.3,1,7.78,0.5,SIL_DAG(16:0_20:4)_d9_Lipidyzer
DAG,DAG(16:1_22:6),656.5,1,311.3,1,7.49,0.5,SIL_DAG(16:0_22:6)_d9_Lipidyzer
DAG,DAG(18:0_18:1),640.4,1,341.3,1,9.67,0.5,SIL_DAG(16:0_18:1)_d9_Lipidyzer
DAG,DAG(18:0_18:2),638.4,1,341.3,1,9.47,0.5,SIL_DAG(16:0_18:2)_d9_Lipidyzer
DAG,DAG(18:0_18:3),636.5,1,341.3,1,9.27,0.5,SIL_DAG(16:0_18:3)_d9_Lipidyzer
DAG,DAG(18:0_22:6),686.6,1,341.3,1,8.69,0.5,SIL_DAG(16:0_22:6)_d9_Lipidyzer
DAG,DAG(18:1_18:1),638.4,1,339.3,1,9.43,0.5,SIL_DAG(16:0_18:1)_d9_Lipidyzer
DAG,DAG(18:1_18:2),636.5,1,339.3,1,9.17,0.5,SIL_DAG(16:0_18:2)_d9_Lipidyzer
DAG,DAG(18:1_20:1),666.6,1,339.3,1,9.67,0.5,SIL_DAG(16:0_20:4)_d9_Lipidyzer
DAG,DAG(18:1_20:2),664.6,1,339.3,1,9.46,0.5,SIL_DAG(16:0_20:4)_d9_Lipidyzer
DAG,DAG(18:1_20:3),662.6,1,339.3,1,9.35,0.5,SIL_DAG(16:0_20:4)_d9_Lipidyzer
DAG,DAG(18:1_20:4),660.5,1,339.3,1,9.1,0.5,SIL_DAG(16:0_20:4)_d9_Lipidyzer
DAG,DAG(18:1_20:5),658.5,1,339.3,1,8.19,0.5,SIL_DAG(16:0_20:5)_d9_Lipidyzer
DAG,DAG(18:1_22:4),688.6,1,339.3,1,9.36,0.5,SIL_DAG(16:0_22:6)_d9_Lipidyzer
DAG,DAG(18:1_22:5),686.6,1,339.3,1,9.27,0.5,SIL_DAG(16:0_22:6)_d9_Lipidyzer
DAG,DAG(18:1_22:6),684.6,1,339.3,1,8.74,0.5,SIL_DAG(16:0_22:6)_d9_Lipidyzer
DAG,DAG(18:2_18:3),632.4,1,337.3,1,7.47,0.5,SIL_DAG(16:0_18:3)_d9_Lipidyzer
DAG,DAG(18:2_20:3),660.5,1,337.3,1,9.05,0.5,SIL_DAG(16:0_20:4)_d9_Lipidyzer
DAG,DAG(18:2_20:4),658.5,1,337.3,1,8.06,0.5,SIL_DAG(16:0_20:4)_d9_Lipidyzer
DAG,DAG(18:2_20:5),656.5,1,337.3,1,7.27,0.5,SIL_DAG(16:0_20:5)_d9_Lipidyzer
DAG,DAG(18:2_22:4),686.6,1,337.3,1,9.04,0.5,SIL_DAG(16:0_22:6)_d9_Lipidyzer
DAG,DAG(18:2_22:5),684.6,1,337.3,1,8.63,0.5,SIL_DAG(16:0_22:6)_d9_Lipidyzer
DAG,DAG(18:2_22:6),682.5,1,337.3,1,8.28,0.5,SIL_DAG(16:0_22:6)_d9_Lipidyzer
DAG,DAG(20:0_20:0),698.6,1,369.3,1,9.88,0.5,SIL_DAG(16:0_20:4)_d9_Lipidyzer
DAG,SIL_DAG(15:0_18:1)_d7_SPLASH,605.5,1,306.307,1,9.22,0.5,NA
DAG,SIL_DAG(16:0_16:0)_d9_Lipidyzer,595.5,1,322.3,1,9.36,0.5,NA
DAG,SIL_DAG(16:0_18:0)_d9_Lipidyzer,623.4,1,322.2,1,9.63,0.5,NA
DAG,SIL_DAG(16:0_18:1)_d9_Lipidyzer,621.6,1,322.2,1,9.37,0.5,NA
DAG,SIL_DAG(16:0_18:2)_d9_Lipidyzer,619.4,1,322.2,1,9.11,0.5,NA
DAG,SIL_DAG(16:0_18:3)_d9_Lipidyzer,617.5,1,322.2,1,8.23,0.5,NA
DAG,SIL_DAG(16:0_20:4)_d9_Lipidyzer,643.5,1,322.2,1,8.93,0.5,NA
DAG,SIL_DAG(16:0_20:5)_d9_Lipidyzer,641.4,1,322.2,1,8.04,0.5,NA
DAG,SIL_DAG(16:0_22:6)_d9_Lipidyzer,667.5,1,322.2,1,8.59,0.5,NA
DCER,DCER(14:0),512.6,1,266.4,1,7.72,0.5,SIL_DCER(16:0)_d_Lipidyzer
DCER,DCER(16:0),540.6,1,266.4,1,8.25,0.5,SIL_DCER(16:0)_d_Lipidyzer
DCER,DCER(18:0),568.7,1,266.4,1,9.27,0.5,SIL_DCER(16:0)_d_Lipidyzer
DCER,DCER(18:1),566.8,1,266.4,1,8.6,0.5,SIL_DCER(16:0)_d_Lipidyzer
DCER,DCER(20:0),596.7,1,266.4,1,9.54,0.5,SIL_DCER(16:0)_d_Lipidyzer
DCER,DCER(20:1),594.4,1,266.4,1,9.3,0.5,SIL_DCER(16:0)_d_Lipidyzer
DCER,DCER(22:0),624.8,1,266.4,1,9.82,0.5,SIL_DCER(16:0)_d_Lipidyzer
DCER,DCER(22:1),620.4,1,266.4,1,9.82,0.5,SIL_DCER(16:0)_d_Lipidyzer
DCER,DCER(24:0),652.9,1,266.4,1,10.02,0.5,SIL_DCER(16:0)_d_Lipidyzer
DCER,DCER(24:1),650.9,1,266.4,1,9.8,0.5,SIL_DCER(16:0)_d_Lipidyzer
DCER,DCER(26:0),680.5,1,266.4,1,10.32,0.5,SIL_DCER(16:0)_d_Lipidyzer
DCER,DCER(26:1),678.5,1,266.4,1,10.25,0.5,SIL_DCER(16:0)_d_Lipidyzer
DCER,SIL_DCER(16:0)_d_Lipidyzer,549.6,1,266.4,1,8.18,0.5,SIL_DCER(16:0)_d_Lipidyzer
FFA,FFA(14:0),227.1,-1,227.1,-1,2.51,0.5,SIL_FFA(17:0)_d9_Lipidyzer
FFA,FFA(14:1),225.1,-1,225.1,-1,1.93,0.5,SIL_FFA(17:0)_d9_Lipidyzer
FFA,FFA(16:0),255.1,-1,255.1,-1,3.34,0.5,SIL_FFA(17:0)_d9_Lipidyzer
FFA,FFA(16:1),253.1,-1,253.1,-1,2.72,0.5,SIL_FFA(17:0)_d9_Lipidyzer
FFA,FFA(16:2),251.1,-1,251.1,-1,2.22,0.5,SIL_FFA(17:0)_d9_Lipidyzer
FFA,FFA(18:0),283.2,-1,283.2,-1,4.02,0.5,SIL_FFA(17:0)_d9_Lipidyzer
FFA,FFA(18:1),281.2,-1,281.2,-1,3.51,0.5,SIL_FFA(17:0)_d9_Lipidyzer
FFA,FFA(18:2),279.2,-1,279.2,-1,2.96,0.5,SIL_FFA(17:0)_d9_Lipidyzer
FFA,FFA(18:3),277.2,-1,277.2,-1,2.47,0.5,SIL_FFA(17:0)_d9_Lipidyzer
FFA,FFA(20:0),311.2,-1,311.2,-1,4.61,0.5,SIL_FFA(17:0)_d9_Lipidyzer
FFA,FFA(20:1),309.2,-1,309.2,-1,4.08,0.5,SIL_FFA(17:0)_d9_Lipidyzer
FFA,FFA(20:2),307.2,-1,307.2,-1,3.66,0.5,SIL_FFA(17:0)_d9_Lipidyzer
FFA,FFA(20:3),305.2,-1,305.2,-1,3.23,0.5,SIL_FFA(17:0)_d9_Lipidyzer
FFA,FFA(20:4),303.2,-1,303.2,-1,2.84,0.5,SIL_FFA(17:0)_d9_Lipidyzer
FFA,FFA(20:5),301.2,-1,301.2,-1,2.37,0.5,SIL_FFA(17:0)_d9_Lipidyzer
FFA,FFA(22:4),331.3,-1,331.3,-1,3.48,0.5,SIL_FFA(17:0)_d9_Lipidyzer
FFA,FFA(22:5),329.2,-1,329.2,-1,3.03,0.5,SIL_FFA(17:0)_d9_Lipidyzer
FFA,FFA(22:6),327.2,-1,327.2,-1,2.66,0.5,SIL_FFA(17:0)_d9_Lipidyzer
FFA,FFA(24:0),367.3,-1,367.3,-1,6.28,0.5,SIL_FFA(17:0)_d9_Lipidyzer
FFA,FFA(24:1),365.3,-1,365.3,-1,5.51,0.5,SIL_FFA(17:0)_d9_Lipidyzer
FFA,SIL_FFA(16:0)_d9_Lipidyzer,264.1,-1,264.1,-1,3.31,0.5,NA
FFA,SIL_FFA(17:0)_d9_Lipidyzer,278.22,-1,278.1,-1,2.47,0.5,NA
HCER,HCER(14:0),672.5,1,264.4,1,5.9,0.5,SIL_HCER(16:0)_d9_Lipidyzer
HCER,HCER(16:0),700.7,1,264.4,1,6.89,0.5,SIL_HCER(16:0)_d9_Lipidyzer
HCER,HCER(18:0),728.8,1,264.4,1,8.11,0.5,SIL_HCER(16:0)_d9_Lipidyzer
HCER,HCER(18:1),726.7,1,264.4,1,7.75,0.5,SIL_HCER(16:0)_d9_Lipidyzer
HCER,HCER(20:0),756.7,1,264.4,1,9.2,0.5,SIL_HCER(16:0)_d9_Lipidyzer
HCER,HCER(20:1),754.7,1,264.4,1,9.09,0.5,SIL_HCER(16:0)_d9_Lipidyzer
HCER,HCER(22:0),784.9,1,264.4,1,9.49,0.5,SIL_HCER(16:0)_d9_Lipidyzer
HCER,HCER(22:1),782.8,1,264.4,1,9.22,0.5,SIL_HCER(16:0)_d9_Lipidyzer
HCER,HCER(24:0),812.9,1,264.4,1,9.75,0.5,SIL_HCER(16:0)_d9_Lipidyzer
HCER,HCER(24:1),810.9,1,264.4,1,9.48,0.5,SIL_HCER(16:0)_d9_Lipidyzer
HCER,HCER(26:0),840.9,1,264.4,1,10.02,0.5,SIL_HCER(16:0)_d9_Lipidyzer
HCER,HCER(26:1),838.9,1,264.4,1,9.71,0.5,SIL_HCER(16:0)_d9_Lipidyzer
HCER,HCER(d18:0_18:0),730.8,1,266.4,1,9.33,0.5,SIL_HCER(16:0)_d9_Lipidyzer
HCER,HCER(d18:0_20:0),758.7,1,266.4,1,9.2,0.5,SIL_HCER(16:0)_d9_Lipidyzer
HCER,HCER(d18:0_22:0),786.9,1,266.4,1,9.49,0.5,SIL_HCER(16:0)_d9_Lipidyzer
HCER,HCER(d18:0_24:0),814.9,1,266.4,1,9.75,0.5,SIL_HCER(16:0)_d9_Lipidyzer
HCER,HCER(d18:0_24:1),812.9,1,266.4,1,9.48,0.5,SIL_HCER(16:0)_d9_Lipidyzer
HCER,HCER(d18:0_26:0),842.9,1,266.4,1,10,0.5,SIL_HCER(16:0)_d9_Lipidyzer
HCER,HCER(d18:0_26:1),840.9,1,266.4,1,9.46,0.5,SIL_HCER(16:0)_d9_Lipidyzer
HCER,SIL_HCER(16:0)_d9_Lipidyzer,709.7,1,264.4,1,6.85,0.5,NA
LCER,LCER(14:0),834.9,1,264.4,1,5.66,0.5,SIL_LCER(16:0)_d9_Lipidyzer
LCER,LCER(16:0),862.9,1,264.4,1,6.6,0.5,SIL_LCER(16:0)_d9_Lipidyzer
LCER,LCER(18:0),890.2,1,264.4,1,7.72,0.5,SIL_LCER(16:0)_d9_Lipidyzer
LCER,LCER(18:1),888.2,1,264.4,1,6.73,0.5,SIL_LCER(16:0)_d9_Lipidyzer
LCER,LCER(20:0),918.2,1,264.4,1,8.99,0.5,SIL_LCER(16:0)_d9_Lipidyzer
LCER,LCER(20:1),916.2,1,264.4,1,8.1,0.5,SIL_LCER(16:0)_d9_Lipidyzer
LCER,LCER(22:0),946.2,1,264.4,1,9.4,0.5,SIL_LCER(16:0)_d9_Lipidyzer
LCER,LCER(22:1),944.2,1,264.4,1,8.99,0.5,SIL_LCER(16:0)_d9_Lipidyzer
LCER,LCER(24:0),974.8,1,264.4,1,9.63,0.5,SIL_LCER(16:0)_d9_Lipidyzer
LCER,LCER(24:1),972.9,1,264.4,1,9.38,0.5,SIL_LCER(16:0)_d9_Lipidyzer
LCER,LCER(26:0),1002.4,1,264.4,1,9.88,0.5,SIL_LCER(16:0)_d9_Lipidyzer
LCER,LCER(26:1),1000.4,1,264.4,1,9.62,0.5,SIL_LCER(16:0)_d9_Lipidyzer
LCER,LCER(d18:0_18:0),892.7,1,266.4,1,9.19,0.5,SIL_LCER(16:0)_d9_Lipidyzer
LCER,LCER(d18:0_20:0),920.7,1,266.4,1,8.97,0.5,SIL_LCER(16:0)_d9_Lipidyzer
LCER,LCER(d18:0_22:0),948.7,1,266.4,1,9.39,0.5,SIL_LCER(16:0)_d9_Lipidyzer
LCER,LCER(d18:0_24:0),976.8,1,266.4,1,9.64,0.5,SIL_LCER(16:0)_d9_Lipidyzer
LCER,LCER(d18:0_24:1),974.7,1,266.4,1,9.37,0.5,SIL_LCER(16:0)_d9_Lipidyzer
LCER,LCER(d18:0_26:0),1004.9,1,266.4,1,9.89,0.5,SIL_LCER(16:0)_d9_Lipidyzer
LCER,LCER(d18:0_26:1),1002.9,1,266.4,1,9.61,0.5,SIL_LCER(16:0)_d9_Lipidyzer
LCER,SIL_LCER(16:0)_d9_Lipidyzer,871.9,1,264.4,1,6.55,0.5,NA
LPC,LPC(14:0),526.317,-1,227.202,-1,2.16,0.5,SIL_LPC(16:0)_d9_Lipidyzer
LPC,LPC(16:0),554.346,-1,255.233,-1,2.95,0.5,SIL_LPC(16:0)_d9_Lipidyzer
LPC,LPC(16:1),552.331,-1,253.217,-1,2.34,0.5,SIL_LPC(16:0)_d9_Lipidyzer
LPC,LPC(18:0),582.378,-1,283.264,-1,3.64,0.5,SIL_LPC(18:1)_d7_SPLASH
LPC,LPC(18:1),580.362,-1,281.249,-1,3.06,0.5,SIL_LPC(18:1)_d7_SPLASH
LPC,LPC(18:2),578.346,-1,279.233,-1,2.58,0.5,SIL_LPC(18:1)_d7_SPLASH
LPC,LPC(18:3),576.331,-1,277.217,-1,2.12,0.5,SIL_LPC(18:1)_d7_SPLASH
LPC,LPC(20:0),610.409,-1,311.3,-1,4.15,0.5,SIL_LPC(18:1)_d7_SPLASH
LPC,LPC(20:1),608.393,-1,309.28,-1,3.71,0.5,SIL_LPC(18:1)_d7_SPLASH
LPC,LPC(20:2),606.378,-1,307.264,-1,3.24,0.5,SIL_LPC(18:1)_d7_SPLASH
LPC,LPC(20:3),604.362,-1,305.249,-1,2.83,0.5,SIL_LPC(18:1)_d7_SPLASH
LPC,LPC(20:4),602.346,-1,303.233,-1,2.51,0.5,SIL_LPC(18:1)_d7_SPLASH
LPC,LPC(20:5),600.331,-1,301.217,-1,2.09,0.5,SIL_LPC(18:1)_d7_SPLASH
LPC,LPC(22:4),630.364,-1,331.264,-1,3.06,0.5,SIL_LPC(18:1)_d7_SPLASH
LPC,LPC(22:5),628.362,-1,329.249,-1,2.67,0.5,SIL_LPC(18:1)_d7_SPLASH
LPC,LPC(22:6),626.346,-1,327.233,-1,2.43,0.5,SIL_LPC(18:1)_d7_SPLASH
LPC,SIL_LPC(16:0)_d9_Lipidyzer,563.2,-1,264.2,-1,2.92,0.5,NA
LPC,SIL_LPC(18:1)_d7_SPLASH,587.409,-1,288.296,-1,3.07,0.5,NA
LPE,LPE(14:0),424.247,-1,227.202,-1,2.24,0.5,SIL_LPE(18:0)_d5_Lipidyzer
LPE,LPE(16:0),452.278,-1,255.233,-1,3.02,0.5,SIL_LPE(18:0)_d5_Lipidyzer
LPE,LPE(16:1),450.263,-1,253.217,-1,2.43,0.5,SIL_LPE(18:0)_d5_Lipidyzer
LPE,LPE(18:0),480.31,-1,283.264,-1,3.73,0.5,SIL_LPE(18:0)_d5_Lipidyzer
LPE,LPE(18:1),478.293,-1,281.249,-1,3.17,0.5,SIL_LPE(18:1)_d7_SPLASH
LPE,LPE(18:2),476.278,-1,279.233,-1,2.64,0.5,SIL_LPE(18:1)_d7_SPLASH
LPE,LPE(18:3),474.263,-1,277.217,-1,2.19,0.5,SIL_LPE(18:1)_d7_SPLASH
LPE,LPE(20:0),508.341,-1,311.3,-1,4.23,0.5,SIL_LPE(18:1)_d7_SPLASH
LPE,LPE(20:1),506.325,-1,309.28,-1,3.79,0.5,SIL_LPE(18:1)_d7_SPLASH
LPE,LPE(20:2),504.31,-1,307.264,-1,3.33,0.5,SIL_LPE(18:1)_d7_SPLASH
LPE,LPE(20:3),502.294,-1,305.249,-1,2.91,0.5,SIL_LPE(18:1)_d7_SPLASH
LPE,LPE(20:4),500.278,-1,303.233,-1,2.59,0.5,SIL_LPE(18:1)_d7_SPLASH
LPE,LPE(20:5),498.263,-1,301.217,-1,2.15,0.5,SIL_LPE(18:1)_d7_SPLASH
LPE,LPE(22:4),528.31,-1,331.264,-1,3.14,0.5,SIL_LPE(18:1)_d7_SPLASH
LPE,LPE(22:5),526.294,-1,329.249,-1,2.72,0.5,SIL_LPE(18:1)_d7_SPLASH
LPE,LPE(22:6),524.278,-1,327.233,-1,2.51,0.5,SIL_LPE(18:1)_d7_SPLASH
LPE,SIL_LPE(18:0)_d5_Lipidyzer,485.33,-1,288.3,-1,3.71,0.5,NA
LPE,SIL_LPE(18:1)_d7_SPLASH,485.343,-1,288.298,-1,3.15,0.5,NA
LPG,LPG(14:0),455.241,-1,227.202,-1,1.7,0.5,SIL_LPG(17:1)_d7_Lyso
LPG,LPG(16:0),483.273,-1,255.233,-1,2.42,0.5,SIL_LPG(17:1)_d7_Lyso
LPG,LPG(16:1),481.257,-1,253.217,-1,1.97,0.5,SIL_LPG(17:1)_d7_Lyso
LPG,LPG(18:0),511.304,-1,283.264,-1,3.1,0.5,SIL_LPG(17:1)_d7_Lyso
LPG,LPG(18:1),509.289,-1,281.249,-1,2.56,0.5,SIL_LPG(17:1)_d7_Lyso
LPG,LPG(18:2),507.273,-1,279.233,-1,2.13,0.5,SIL_LPG(17:1)_d7_Lyso
LPG,LPG(18:3),505.257,-1,277.217,-1,1.71,0.5,SIL_LPG(17:1)_d7_Lyso
LPG,LPG(20:0),539.335,-1,311.3,-1,2.96,0.5,SIL_LPG(17:1)_d7_Lyso
LPG,LPG(20:1),537.32,-1,309.28,-1,3.19,0.5,SIL_LPG(17:1)_d7_Lyso
LPG,LPG(20:2),535.304,-1,307.264,-1,2.71,0.5,SIL_LPG(17:1)_d7_Lyso
LPG,LPG(20:3),533.289,-1,305.249,-1,2.3,0.5,SIL_LPG(17:1)_d7_Lyso
LPG,LPG(20:4),531.273,-1,303.233,-1,1.91,0.5,SIL_LPG(17:1)_d7_Lyso
LPG,LPG(20:5),529.257,-1,301.217,-1,1.79,0.5,SIL_LPG(17:1)_d7_Lyso
LPG,LPG(22:4),559.304,-1,331.264,-1,3.79,0.5,SIL_LPG(17:1)_d7_Lyso
LPG,LPG(22:5),557.289,-1,329.249,-1,2.92,0.5,SIL_LPG(17:1)_d7_Lyso
LPG,LPG(22:6),555.273,-1,327.233,-1,2.96,0.5,SIL_LPG(17:1)_d7_Lyso
LPG,SIL_LPG(17:1)_d7_Lyso,495.272,-1,267.233,-1,2.24,0.5,NA
LPI,LPI(14:0),543.258,-1,227.202,-1,1.6,0.5,SIL_LPI(17:1)_d7_Lyso
LPI,LPI(16:0),571.289,-1,255.233,-1,2.26,0.5,SIL_LPI(17:1)_d7_Lyso
LPI,LPI(16:1),569.273,-1,253.217,-1,1.76,0.5,SIL_LPI(17:1)_d7_Lyso
LPI,LPI(18:0),599.32,-1,283.264,-1,2.98,0.5,SIL_LPI(17:1)_d7_Lyso
LPI,LPI(18:1),597.305,-1,281.249,-1,2.42,0.5,SIL_LPI(17:1)_d7_Lyso
LPI,LPI(18:2),595.289,-1,279.233,-1,1.98,0.5,SIL_LPI(17:1)_d7_Lyso
LPI,LPI(18:3),593.273,-1,277.217,-1,1.58,0.5,SIL_LPI(17:1)_d7_Lyso
LPI,LPI(20:0),627.352,-1,311.3,-1,3.07,0.5,SIL_LPI(17:1)_d7_Lyso
LPI,LPI(20:1),625.336,-1,309.28,-1,3.04,0.5,SIL_LPI(17:1)_d7_Lyso
LPI,LPI(20:2),623.32,-1,307.264,-1,2.59,0.5,SIL_LPI(17:1)_d7_Lyso
LPI,LPI(20:3),621.305,-1,305.249,-1,2.22,0.5,SIL_LPI(17:1)_d7_Lyso
LPI,LPI(20:4),619.289,-1,303.233,-1,1.94,0.5,SIL_LPI(17:1)_d7_Lyso
LPI,LPI(20:5),617.273,-1,301.217,-1,1.57,0.5,SIL_LPI(17:1)_d7_Lyso
LPI,LPI(22:4),647.32,-1,331.264,-1,2.35,0.5,SIL_LPI(17:1)_d7_Lyso
LPI,LPI(22:5),645.305,-1,329.249,-1,2.07,0.5,SIL_LPI(17:1)_d7_Lyso
LPI,LPI(22:6),643.289,-1,327.233,-1,1.41,0.5,SIL_LPI(17:1)_d7_Lyso
LPI,SIL_LPI(17:1)_d7_Lyso,583.289,-1,267.233,-1,2.1,0.5,NA
LPS,LPS(14:0),468.233,-1,227.202,-1,2.28,0.5,SIL_LPS(17:1)_d7_Lyso
LPS,LPS(16:0),496.268,-1,255.233,-1,2.94,0.5,SIL_LPS(17:1)_d7_Lyso
LPS,LPS(16:1),494.252,-1,253.217,-1,2.53,0.5,SIL_LPS(17:1)_d7_Lyso
LPS,LPS(18:0),524.299,-1,283.264,-1,3.65,0.5,SIL_LPS(17:1)_d7_Lyso
LPS,LPS(18:1),522.284,-1,281.249,-1,3.08,0.5,SIL_LPS(17:1)_d7_Lyso
LPS,LPS(18:2),520.268,-1,279.233,-1,2.42,0.5,SIL_LPS(17:1)_d7_Lyso
LPS,LPS(18:3),518.252,-1,277.217,-1,2.42,0.5,SIL_LPS(17:1)_d7_Lyso
LPS,LPS(20:0),552.331,-1,311.3,-1,3.98,0.5,SIL_LPS(17:1)_d7_Lyso
LPS,LPS(20:1),550.315,-1,309.28,-1,4.29,0.5,SIL_LPS(17:1)_d7_Lyso
LPS,LPS(20:2),548.299,-1,307.264,-1,3.77,0.5,SIL_LPS(17:1)_d7_Lyso
LPS,LPS(20:3),546.284,-1,305.249,-1,3.81,0.5,SIL_LPS(17:1)_d7_Lyso
LPS,LPS(20:4),544.268,-1,303.233,-1,2.94,0.5,SIL_LPS(17:1)_d7_Lyso
LPS,LPS(20:5),542.252,-1,301.217,-1,2.56,0.5,SIL_LPS(17:1)_d7_Lyso
LPS,LPS(22:4),572.299,-1,331.264,-1,4.47,0.5,SIL_LPS(17:1)_d7_Lyso
LPS,LPS(22:5),570.284,-1,329.249,-1,4.18,0.5,SIL_LPS(17:1)_d7_Lyso
LPS,LPS(22:6),568.268,-1,327.233,-1,4.11,0.5,SIL_LPS(17:1)_d7_Lyso
LPS,SIL_LPS(17:1)_d7_Lyso,508.268,-1,267.233,-1,2.1,0.5,NA
MAG,MAG(14:0),303.3,1,211.2,1,3.07,0.5,SIL_MAG(18:1)_d7
MAG,MAG(14:1),301.3,1,209.2,1,2.61,0.5,SIL_MAG(18:1)_d7
MAG,MAG(16:0),331.3,1,239.2,1,3.79,0.5,SIL_MAG(18:1)_d7
MAG,MAG(16:1),329.3,1,237.2,1,3.22,0.5,SIL_MAG(18:1)_d7
MAG,MAG(18:0),359.3,1,267.3,1,4.2,0.5,SIL_MAG(18:1)_d7
MAG,MAG(18:1),357.3,1,265.3,1,3.87,0.5,SIL_MAG(18:1)_d7
MAG,MAG(18:2),355.3,1,263.2,1,3.41,0.5,SIL_MAG(18:1)_d7
MAG,MAG(18:3),353.3,1,261.2,1,2.98,0.5,SIL_MAG(18:1)_d7
MAG,MAG(20:0),387.4,1,295.3,1,4.92,0.5,SIL_MAG(18:1)_d7
MAG,MAG(20:1),385.3,1,293.3,1,4.37,0.5,SIL_MAG(18:1)_d7
MAG,MAG(20:2),383.3,1,291.3,1,3.99,0.5,SIL_MAG(18:1)_d7
MAG,MAG(20:3),381.3,1,289.3,1,3.64,0.5,SIL_MAG(18:1)_d7
MAG,MAG(20:4),379.3,1,287.2,1,3.35,0.5,SIL_MAG(18:1)_d7
MAG,MAG(22:0),415.4,1,323.3,1,5.09,0.5,SIL_MAG(18:1)_d7
MAG,MAG(22:1),413.4,1,321.3,1,4.98,0.5,SIL_MAG(18:1)_d7
MAG,MAG(22:2),411.4,1,319.3,1,4.7,0.5,SIL_MAG(18:1)_d7
MAG,MAG(22:3),409.3,1,317.3,1,4.1,0.5,SIL_MAG(18:1)_d7
MAG,MAG(22:4),407.3,1,315.3,1,3.84,0.5,SIL_MAG(18:1)_d7
MAG,MAG(22:5),405.3,1,313.3,1,3.44,0.5,SIL_MAG(18:1)_d7
MAG,MAG(22:6),403.3,1,311.2,1,3.24,0.5,SIL_MAG(18:1)_d7
MAG,SIL_MAG(18:1)_d7_SPLASH,364.3,1,254.3,1,3.86,0.5,NA
PC,PC(14:0_14:0),736.513,-1,227.202,-1,5.64,0.5,SIL_PC(15:0_18:1)_d7_SPLASH
PC,PC(14:0_18:1),790.56,-1,281.249,-1,6.67,0.5,SIL_PC(15:0_18:1)_d7_SPLASH
PC,PC(14:0_18:2),788.545,-1,279.233,-1,5.96,0.5,SIL_PC(15:0_18:1)_d7_SPLASH
PC,PC(14:0_18:3),786.529,-1,277.217,-1,5.42,0.5,SIL_PC(15:0_18:1)_d7_SPLASH
PC,PC(14:0_20:1),818.592,-1,309.28,-1,7.67,0.5,SIL_PC(15:0_18:1)_d7_SPLASH
PC,PC(14:0_20:2),816.576,-1,307.264,-1,6.84,0.5,SIL_PC(15:0_18:1)_d7_SPLASH
PC,PC(14:0_20:3),814.56,-1,305.249,-1,6.21,0.5,SIL_PC(15:0_18:1)_d7_SPLASH
PC,PC(14:0_20:4),812.545,-1,303.233,-1,5.88,0.5,SIL_PC(15:0_18:1)_d7_SPLASH
PC,PC(14:0_20:5),810.529,-1,301.217,-1,5.36,0.5,SIL_PC(15:0_18:1)_d7_SPLASH
PC,PC(14:0_22:4),840.576,-1,331.264,-1,6.51,0.5,SIL_PC(15:0_18:1)_d7_SPLASH
PC,PC(14:0_22:5),838.56,-1,329.249,-1,5.9,0.5,SIL_PC(15:0_18:1)_d7_SPLASH
PC,PC(14:0_22:6),836.545,-1,327.233,-1,5.67,0.5,SIL_PC(15:0_18:1)_d7_SPLASH
PC,PC(14:1_14:1),732.5,-1,225.2,-1,6.2,0.5,SIL_PC(15:0_18:1)_d7_SPLASH
PC,PC(16:0_14:0),764.545,-1,227.202,-1,6.52,0.5,SIL_PC(16:0_16:1)_d9_Lipidyzer
PC,PC(16:0_16:0),792.576,-1,255.233,-1,7.67,0.5,SIL_PC(16:0_16:1)_d9_Lipidyzer
PC,PC(16:0_16:1),790.56,-1,253.217,-1,6.69,0.5,SIL_PC(16:0_16:1)_d9_Lipidyzer
PC,PC(16:0_18:0),820.607,-1,283.264,-1,9,0.5,SIL_PC(16:0_18:1)_d9_Lipidyzer
PC,PC(16:0_18:1),818.592,-1,281.249,-1,7.81,0.5,SIL_PC(16:0_18:1)_d9_Lipidyzer
PC,PC(16:0_18:2),816.576,-1,279.233,-1,6.97,0.5,SIL_PC(16:0_18:2)_d9_Lipidyzer
PC,PC(16:0_18:3),814.56,-1,277.217,-1,6.43,0.5,SIL_PC(16:0_18:3)_d9_Lipidyzer
PC,PC(16:0_20:1),846.623,-1,309.28,-1,9.05,0.5,SIL_PC(16:0_20:3)_d9_Lipidyzer
PC,PC(16:0_20:2),844.607,-1,307.264,-1,8.01,0.5,SIL_PC(16:0_20:3)_d9_Lipidyzer
PC,PC(16:0_20:3),842.592,-1,305.249,-1,7.26,0.5,SIL_PC(16:0_20:3)_d9_Lipidyzer
PC,PC(16:0_20:4),840.576,-1,303.233,-1,6.84,0.5,SIL_PC(16:0_20:4)_d9_Lipidyzer
PC,PC(16:0_20:5),838.56,-1,301.217,-1,6.2,0.5,SIL_PC(16:0_20:5)_d9_Lipidyzer
PC,PC(16:0_22:4),868.607,-1,331.264,-1,7.64,0.5,SIL_PC(16:0_22:4)_d9_Lipidyzer
PC,PC(16:0_22:5),866.592,-1,329.249,-1,6.88,0.5,SIL_PC(16:0_22:5)_d9_Lipidyzer
PC,PC(16:0_22:6),864.576,-1,327.233,-1,6.6,0.5,SIL_PC(16:0_22:6)_d9_Lipidyzer
PC,PC(16:1_18:1),816.576,-1,281.249,-1,6.84,0.5,SIL_PC(16:0_18:1)_d9_Lipidyzer
PC,PC(16:1_18:2),814.56,-1,253.217,-1,6.08,0.5,SIL_PC(16:0_18:2)_d9_Lipidyzer
PC,PC(18:0_14:0),792.576,-1,227.202,-1,7.66,0.5,SIL_PC(16:0_16:1)_d9_Lipidyzer
PC,PC(18:0_16:1),818.592,-1,253.217,-1,7.87,0.5,SIL_PC(16:0_16:1)_d9_Lipidyzer
PC,PC(18:0_18:0),848.639,-1,283.264,-1,9.1,0.5,SIL_PC(16:0_18:1)_d9_Lipidyzer
PC,PC(18:0_18:1),846.623,-1,281.249,-1,9.09,0.5,SIL_PC(16:0_18:1)_d9_Lipidyzer
PC,PC(18:0_18:2),844.607,-1,279.233,-1,8.12,0.5,SIL_PC(16:0_18:2)_d9_Lipidyzer
PC,PC(18:0_18:3),842.592,-1,277.217,-1,7.32,0.5,SIL_PC(16:0_18:3)_d9_Lipidyzer
PC,PC(18:0_20:0),876.67,-1,283.264,-1,9.42,0.5,SIL_PC(16:0_20:3)_d9_Lipidyzer
PC,PC(18:0_20:1),874.654,-1,309.28,-1,9.41,0.5,SIL_PC(16:0_20:3)_d9_Lipidyzer
PC,PC(18:0_20:2),872.639,-1,307.264,-1,9.18,0.5,SIL_PC(16:0_20:3)_d9_Lipidyzer
PC,PC(18:0_20:3),870.623,-1,305.249,-1,8.5,0.5,SIL_PC(16:0_20:3)_d9_Lipidyzer
PC,PC(18:0_20:4),868.607,-1,303.233,-1,7.98,0.5,SIL_PC(16:0_20:4)_d9_Lipidyzer
PC,PC(18:0_20:5),866.592,-1,301.217,-1,7.22,0.5,SIL_PC(16:0_20:5)_d9_Lipidyzer
PC,PC(18:0_22:4),896.639,-1,331.264,-1,8.94,0.5,SIL_PC(16:0_22:4)_d9_Lipidyzer
PC,PC(18:0_22:5),894.623,-1,329.249,-1,8.08,0.5,SIL_PC(16:0_22:5)_d9_Lipidyzer
PC,PC(18:0_22:6),892.607,-1,327.233,-1,7.7,0.5,SIL_PC(16:0_22:6)_d9_Lipidyzer
PC,PC(18:1_18:1),844.607,-1,281.249,-1,7.96,0.5,SIL_PC(16:0_18:1)_d9_Lipidyzer
PC,PC(18:1_18:2),842.592,-1,279.233,-1,7.08,0.5,SIL_PC(16:0_18:2)_d9_Lipidyzer
PC,PC(18:1_18:3),840.576,-1,277.217,-1,6.4,0.5,SIL_PC(16:0_18:3)_d9_Lipidyzer
PC,PC(18:1_20:1),872.639,-1,309.28,-1,9.12,0.5,SIL_PC(16:0_20:3)_d9_Lipidyzer
PC,PC(18:1_20:2),870.623,-1,307.264,-1,8.16,0.5,SIL_PC(16:0_20:3)_d9_Lipidyzer
PC,PC(18:1_20:3),868.607,-1,305.249,-1,7.4,0.5,SIL_PC(16:0_20:3)_d9_Lipidyzer
PC,PC(18:1_20:4),866.592,-1,303.233,-1,6.91,0.5,SIL_PC(16:0_20:4)_d9_Lipidyzer
PC,PC(18:1_20:5),864.576,-1,301.217,-1,6.32,0.5,SIL_PC(16:0_20:5)_d9_Lipidyzer
PC,PC(18:1_22:4),894.623,-1,331.264,-1,7.76,0.5,SIL_PC(16:0_22:4)_d9_Lipidyzer
PC,PC(18:1_22:5),892.607,-1,329.249,-1,7.14,0.5,SIL_PC(16:0_22:5)_d9_Lipidyzer
PC,PC(18:1_22:6),890.592,-1,327.233,-1,6.7,0.5,SIL_PC(16:0_22:6)_d9_Lipidyzer
PC,PC(18:2_16:1),814.56,-1,279.233,-1,6.09,0.5,SIL_PC(16:0_16:1)_d9_Lipidyzer
PC,PC(18:2_18:2),840.576,-1,279.233,-1,6.31,0.5,SIL_PC(16:0_18:2)_d9_Lipidyzer
PC,PC(18:2_18:3),838.56,-1,277.217,-1,5.7,0.5,SIL_PC(16:0_18:3)_d9_Lipidyzer
PC,PC(18:2_20:1),870.623,-1,309.28,-1,8.22,0.5,SIL_PC(16:0_20:3)_d9_Lipidyzer
PC,PC(18:2_20:2),868.607,-1,307.264,-1,7.24,0.5,SIL_PC(16:0_20:3)_d9_Lipidyzer
PC,PC(18:2_20:3),866.592,-1,305.249,-1,6.58,0.5,SIL_PC(16:0_20:3)_d9_Lipidyzer
PC,PC(18:2_20:4),864.576,-1,303.233,-1,6.17,0.5,SIL_PC(16:0_20:4)_d9_Lipidyzer
PC,PC(18:2_20:5),862.56,-1,301.217,-1,5.63,0.5,SIL_PC(16:0_20:5)_d9_Lipidyzer
PC,PC(18:2_22:4),892.607,-1,331.264,-1,6.91,0.5,SIL_PC(16:0_22:4)_d9_Lipidyzer
PC,PC(18:2_22:5),890.592,-1,329.249,-1,6.22,0.5,SIL_PC(16:0_22:5)_d9_Lipidyzer
PC,PC(18:2_22:6),888.576,-1,327.233,-1,5.97,0.5,SIL_PC(16:0_22:6)_d9_Lipidyzer
PC,PC(20:0_16:1),846.623,-1,253.217,-1,9.06,0.5,SIL_PC(16:0_16:1)_d9_Lipidyzer
PC,PC(20:0_18:1),874.654,-1,281.249,-1,9.42,0.5,SIL_PC(16:0_18:1)_d9_Lipidyzer
PC,PC(20:0_18:3),870.623,-1,277.217,-1,8.7,0.5,SIL_PC(16:0_18:3)_d9_Lipidyzer
PC,PC(20:0_20:1),902.685,-1,309.28,-1,9.64,0.5,SIL_PC(16:0_20:3)_d9_Lipidyzer
PC,PC(20:0_20:2),900.67,-1,307.264,-1,9.46,0.5,SIL_PC(16:0_20:3)_d9_Lipidyzer
PC,PC(20:0_20:3),898.654,-1,305.249,-1,9.3,0.5,SIL_PC(16:0_20:3)_d9_Lipidyzer
PC,PC(20:0_20:4),896.639,-1,303.233,-1,9.16,0.5,SIL_PC(16:0_20:4)_d9_Lipidyzer
PC,PC(20:0_20:5),894.623,-1,301.217,-1,9.26,0.5,SIL_PC(16:0_20:5)_d9_Lipidyzer
PC,PC(20:0_22:4),924.67,-1,331.264,-1,9.38,0.5,SIL_PC(16:0_22:4)_d9_Lipidyzer
PC,PC(20:0_22:5),922.654,-1,329.249,-1,9.17,0.5,SIL_PC(16:0_22:5)_d9_Lipidyzer
PC,PC(20:0_22:6),920.639,-1,327.233,-1,9.04,0.5,SIL_PC(16:0_22:6)_d9_Lipidyzer
PC,SIL_PC(15:0_18:1)_d7_SPLASH,811.625,-1,288.298,-1,7.18,0.5,NA
PC,SIL_PC(16:0_16:1)_d9_Lipidyzer,799.7,-1,253.2,-1,6.66,0.5,NA
PC,SIL_PC(16:0_18:1)_d9_Lipidyzer,827.6,-1,281.2,-1,7.76,0.5,NA
PC,SIL_PC(16:0_18:2)_d9_Lipidyzer,825.6,-1,279.2,-1,6.9,0.5,NA
PC,SIL_PC(16:0_18:3)_d9_Lipidyzer,823.6,-1,277.2,-1,6.21,0.5,NA
PC,SIL_PC(16:0_20:3)_d9_Lipidyzer,851.6,-1,305.2,-1,7.21,0.5,NA
PC,SIL_PC(16:0_20:4)_d9_Lipidyzer,849.6,-1,303.2,-1,6.8,0.5,NA
PC,SIL_PC(16:0_20:5)_d9_Lipidyzer,847.6,-1,301.2,-1,6.14,0.5,NA
PC,SIL_PC(16:0_22:4)_d9_Lipidyzer,877.6,-1,331.2,-1,7.63,0.5,NA
PC,SIL_PC(16:0_22:5)_d9_Lipidyzer,875.6,-1,329.2,-1,6.83,0.5,NA
PC,SIL_PC(16:0_22:6)_d9_Lipidyzer,873.6,-1,327.2,-1,6.55,0.5,NA
PE,PE(14:0_14:0),634.445,-1,227.202,-1,8.12,0.5,SIL_PE(15:0_18:1)_d7_SPLASH
PE,PE(14:0_16:1),660.461,-1,253.217,-1,5.97,0.5,SIL_PE(15:0_18:1)_d7_SPLASH
PE,PE(14:0_18:1),688.492,-1,281.249,-1,6.86,0.5,SIL_PE(15:0_18:1)_d7_SPLASH
PE,PE(14:0_18:2),686.477,-1,279.233,-1,6.17,0.5,SIL_PE(15:0_18:1)_d7_SPLASH
PE,PE(14:0_18:3),684.461,-1,277.217,-1,5.74,0.5,SIL_PE(15:0_18:1)_d7_SPLASH
PE,PE(14:0_20:1),716.524,-1,309.28,-1,7.99,0.5,SIL_PE(15:0_18:1)_d7_SPLASH
PE,PE(14:0_20:2),714.508,-1,307.264,-1,7.08,0.5,SIL_PE(15:0_18:1)_d7_SPLASH
PE,PE(14:0_20:3),712.492,-1,305.249,-1,6.35,0.5,SIL_PE(15:0_18:1)_d7_SPLASH
PE,PE(14:0_20:4),710.477,-1,303.233,-1,6.05,0.5,SIL_PE(15:0_18:1)_d7_SPLASH
PE,PE(14:0_20:5),708.461,-1,301.217,-1,5.8,0.5,SIL_PE(15:0_18:1)_d7_SPLASH
PE,PE(14:0_22:4),738.508,-1,331.264,-1,6.86,0.5,SIL_PE(15:0_18:1)_d7_SPLASH
PE,PE(14:0_22:5),736.492,-1,329.249,-1,6.22,0.5,SIL_PE(15:0_18:1)_d7_SPLASH
PE,PE(14:0_22:6),734.477,-1,327.233,-1,6.2,0.5,SIL_PE(15:0_18:1)_d7_SPLASH
PE,PE(14:1_14:1),630.4,-1,225.2,-1,5.08,0.5,SIL_PE(15:0_18:1)_d7_SPLASH
PE,PE(16:0_14:0),662.477,-1,255.233,-1,5.63,0.5,SIL_PE(15:0_18:1)_d7_SPLASH
PE,PE(16:0_16:0),690.508,-1,255.233,-1,7.97,0.5,SIL_PE(15:0_18:1)_d7_SPLASH
PE,PE(16:0_16:1),688.492,-1,253.217,-1,6.91,0.5,SIL_PE(15:0_18:1)_d7_SPLASH
PE,PE(16:0_18:1),716.524,-1,281.249,-1,8.09,0.5,SIL_PE(15:0_18:1)_d7_SPLASH
PE,PE(16:0_18:2),714.508,-1,279.233,-1,7.19,0.5,SIL_PE(15:0_18:1)_d7_SPLASH
PE,PE(16:0_18:3),712.492,-1,277.217,-1,6.48,0.5,SIL_PE(15:0_18:1)_d7_SPLASH
PE,PE(16:0_20:1),744.555,-1,309.28,-1,9.16,0.5,SIL_PE(15:0_18:1)_d7_SPLASH
PE,PE(16:0_20:2),742.539,-1,307.264,-1,8.25,0.5,SIL_PE(15:0_18:1)_d7_SPLASH
PE,PE(16:0_20:3),740.524,-1,305.249,-1,7.53,0.5,SIL_PE(15:0_18:1)_d7_SPLASH
PE,PE(16:0_20:4),738.508,-1,303.233,-1,7,0.5,SIL_PE(15:0_18:1)_d7_SPLASH
PE,PE(16:0_20:5),736.492,-1,301.217,-1,6.41,0.5,SIL_PE(15:0_18:1)_d7_SPLASH
PE,PE(16:0_22:4),766.539,-1,331.264,-1,7.88,0.5,SIL_PE(15:0_18:1)_d7_SPLASH
PE,PE(16:0_22:5),764.524,-1,329.249,-1,7.13,0.5,SIL_PE(15:0_18:1)_d7_SPLASH
PE,PE(16:0_22:6),762.508,-1,327.233,-1,6.82,0.5,SIL_PE(15:0_18:1)_d7_SPLASH
PE,PE(18:0_14:0),690.508,-1,283.264,-1,7.86,0.5,SIL_PE(18:0_18:1)_d5_Lipidyzer
PE,PE(18:0_16:0),718.539,-1,283.264,-1,9.14,0.5,SIL_PE(18:0_18:1)_d5_Lipidyzer
PE,PE(18:0_16:1),716.524,-1,283.264,-1,8.06,0.5,SIL_PE(18:0_18:1)_d5_Lipidyzer
PE,PE(18:0_18:0),746.57,-1,283.264,-1,9.2,0.5,SIL_PE(18:0_18:1)_d5_Lipidyzer
PE,PE(18:0_18:1),744.555,-1,281.249,-1,9.19,0.5,SIL_PE(18:0_18:1)_d5_Lipidyzer
PE,PE(18:0_18:2),742.539,-1,279.233,-1,8.4,0.5,SIL_PE(18:0_18:2)_d5_Lipidyzer
PE,PE(18:0_18:3),740.524,-1,277.217,-1,7.54,0.5,SIL_PE(18:0_18:3)_d5_Lipidyzer
PE,PE(18:0_20:1),772.586,-1,309.28,-1,9.46,0.5,SIL_PE(18:0_20:3)_d5_Lipidyzer
PE,PE(18:0_20:2),770.57,-1,307.264,-1,9.22,0.5,SIL_PE(18:0_20:3)_d5_Lipidyzer
PE,PE(18:0_20:3),768.555,-1,305.249,-1,8.77,0.5,SIL_PE(18:0_20:3)_d5_Lipidyzer
PE,PE(18:0_20:4),766.539,-1,303.233,-1,8.26,0.5,SIL_PE(18:0_20:4)_d5_Lipidyzer
PE,PE(18:0_20:5),764.524,-1,301.217,-1,7.44,0.5,SIL_PE(18:0_20:5)_d5_Lipidyzer
PE,PE(18:0_22:4),794.57,-1,331.264,-1,9.13,0.5,SIL_PE(18:0_22:5)_d5_Lipidyzer
PE,PE(18:0_22:5),792.555,-1,329.249,-1,8.32,0.5,SIL_PE(18:0_22:5)_d5_Lipidyzer
PE,PE(18:0_22:6),790.539,-1,327.233,-1,7.98,0.5,SIL_PE(18:0_22:6)_d5_Lipidyzer
PE,PE(18:1_16:1),714.508,-1,281.249,-1,6.99,0.5,SIL_PE(18:0_18:1)_d5_Lipidyzer
PE,PE(18:1_18:1),742.539,-1,281.249,-1,8.15,0.5,SIL_PE(18:0_18:1)_d5_Lipidyzer
PE,PE(18:1_18:2),740.524,-1,279.233,-1,7.26,0.5,SIL_PE(18:0_18:2)_d5_Lipidyzer
PE,PE(18:1_18:3),738.508,-1,277.217,-1,6.57,0.5,SIL_PE(18:0_18:3)_d5_Lipidyzer
PE,PE(18:1_20:1),770.57,-1,309.28,-1,9.21,0.5,SIL_PE(18:0_20:3)_d5_Lipidyzer
PE,PE(18:1_20:2),768.555,-1,307.264,-1,8.41,0.5,SIL_PE(18:0_20:3)_d5_Lipidyzer
PE,PE(18:1_20:3),766.539,-1,305.249,-1,7.62,0.5,SIL_PE(18:0_20:3)_d5_Lipidyzer
PE,PE(18:1_20:4),764.524,-1,303.233,-1,7.14,0.5,SIL_PE(18:0_20:4)_d5_Lipidyzer
PE,PE(18:1_20:5),762.508,-1,301.217,-1,6.51,0.5,SIL_PE(18:0_20:5)_d5_Lipidyzer
PE,PE(18:1_22:4),792.555,-1,331.264,-1,8.02,0.5,SIL_PE(18:0_22:5)_d5_Lipidyzer
PE,PE(18:1_22:5),790.539,-1,329.249,-1,7.23,0.5,SIL_PE(18:0_22:5)_d5_Lipidyzer
PE,PE(18:1_22:6),788.524,-1,327.233,-1,6.94,0.5,SIL_PE(18:0_22:6)_d5_Lipidyzer
PE,PE(18:2_16:1),712.492,-1,279.233,-1,8.35,0.5,SIL_PE(18:0_18:1)_d5_Lipidyzer
PE,PE(18:2_18:2),738.508,-1,279.233,-1,6.5,0.5,SIL_PE(18:0_18:2)_d5_Lipidyzer
PE,PE(18:2_18:3),736.492,-1,277.217,-1,5.88,0.5,SIL_PE(18:0_18:3)_d5_Lipidyzer
PE,PE(18:2_20:1),768.555,-1,309.28,-1,8.44,0.5,SIL_PE(18:0_20:3)_d5_Lipidyzer
PE,PE(18:2_20:2),766.539,-1,307.264,-1,7.49,0.5,SIL_PE(18:0_20:3)_d5_Lipidyzer
PE,PE(18:2_20:3),764.524,-1,305.249,-1,6.78,0.5,SIL_PE(18:0_20:3)_d5_Lipidyzer
PE,PE(18:2_20:4),762.508,-1,303.233,-1,6.36,0.5,SIL_PE(18:0_20:4)_d5_Lipidyzer
PE,PE(18:2_20:5),760.492,-1,301.217,-1,5.84,0.5,SIL_PE(18:0_20:5)_d5_Lipidyzer
PE,PE(18:2_22:4),790.539,-1,331.264,-1,7.16,0.5,SIL_PE(18:0_22:5)_d5_Lipidyzer
PE,PE(18:2_22:5),788.524,-1,329.249,-1,6.38,0.5,SIL_PE(18:0_22:5)_d5_Lipidyzer
PE,PE(18:2_22:6),786.508,-1,327.233,-1,6.14,0.5,SIL_PE(18:0_22:6)_d5_Lipidyzer
PE,PE(O-16:0_16:0),676.529,-1,255.233,-1,8.76,0.5,SIL_PE(18:0_18:1)_d5_Lipidyzer
PE,PE(O-16:0_16:1),674.513,-1,253.217,-1,7.69,0.5,SIL_PE(18:0_18:1)_d5_Lipidyzer
PE,PE(O-16:0_18:0),704.56,-1,283.264,-1,9.36,0.5,SIL_PE(18:0_18:1)_d5_Lipidyzer
PE,PE(O-16:0_18:1),702.544,-1,281.249,-1,8.94,0.5,SIL_PE(18:0_18:1)_d5_Lipidyzer
PE,PE(O-16:0_18:2),700.529,-1,279.233,-1,7.93,0.5,SIL_PE(18:0_18:2)_d5_Lipidyzer
PE,PE(O-16:0_18:3),698.513,-1,277.217,-1,7,0.5,SIL_PE(18:0_18:3)_d5_Lipidyzer
PE,PE(O-16:0_20:1),730.576,-1,309.28,-1,9.38,0.5,SIL_PE(18:0_20:3)_d5_Lipidyzer
PE,PE(O-16:0_20:2),728.56,-1,307.264,-1,9.16,0.5,SIL_PE(18:0_20:3)_d5_Lipidyzer
PE,PE(O-16:0_20:3),726.544,-1,305.249,-1,8.3,0.5,SIL_PE(18:0_20:3)_d5_Lipidyzer
PE,PE(O-16:0_20:4),724.529,-1,303.233,-1,7.81,0.5,SIL_PE(18:0_20:4)_d5_Lipidyzer
PE,PE(O-16:0_20:5),722.513,-1,301.217,-1,7.57,0.5,SIL_PE(18:0_20:5)_d5_Lipidyzer
PE,PE(O-16:0_22:4),752.56,-1,331.264,-1,8.69,0.5,SIL_PE(18:0_22:5)_d5_Lipidyzer
PE,PE(O-16:0_22:5),750.544,-1,329.249,-1,7.85,0.5,SIL_PE(18:0_22:5)_d5_Lipidyzer
PE,PE(O-16:0_22:6),748.529,-1,327.233,-1,7.55,0.5,SIL_PE(18:0_22:6)_d5_Lipidyzer
PE,PE(O-18:0_16:0),704.56,-1,255.233,-1,8.44,0.5,SIL_PE(18:0_18:1)_d5_Lipidyzer
PE,PE(O-18:0_16:1),702.544,-1,253.217,-1,7.39,0.5,SIL_PE(18:0_18:1)_d5_Lipidyzer
PE,PE(O-18:0_18:0),732.591,-1,283.264,-1,9.39,0.5,SIL_PE(18:0_18:1)_d5_Lipidyzer
PE,PE(O-18:0_18:1),730.576,-1,281.249,-1,8.68,0.5,SIL_PE(18:0_18:1)_d5_Lipidyzer
PE,PE(O-18:0_18:2),728.56,-1,279.233,-1,7.79,0.5,SIL_PE(18:0_18:2)_d5_Lipidyzer
PE,PE(O-18:0_18:3),726.544,-1,277.217,-1,6.99,0.5,SIL_PE(18:0_18:3)_d5_Lipidyzer
PE,PE(O-18:0_20:1),758.607,-1,309.28,-1,9.33,0.5,SIL_PE(18:0_20:3)_d5_Lipidyzer
PE,PE(O-18:0_20:2),756.591,-1,307.264,-1,9.11,0.5,SIL_PE(18:0_20:3)_d5_Lipidyzer
PE,PE(O-18:0_20:3),754.576,-1,305.249,-1,7.96,0.5,SIL_PE(18:0_20:3)_d5_Lipidyzer
PE,PE(O-18:0_20:4),752.56,-1,303.233,-1,7.51,0.5,SIL_PE(18:0_20:4)_d5_Lipidyzer
PE,PE(O-18:0_20:5),750.544,-1,301.217,-1,6.84,0.5,SIL_PE(18:0_20:5)_d5_Lipidyzer
PE,PE(O-18:0_22:4),780.591,-1,331.264,-1,9.33,0.5,SIL_PE(18:0_22:5)_d5_Lipidyzer
PE,PE(O-18:0_22:5),778.576,-1,329.249,-1,9.11,0.5,SIL_PE(18:0_22:5)_d5_Lipidyzer
PE,PE(O-18:0_22:6),776.56,-1,327.233,-1,8.76,0.5,SIL_PE(18:0_22:6)_d5_Lipidyzer
PE,PE(P-14:0_18:0),674.5,-1,283.264,-1,7.85,0.5,SIL_PE(18:0_18:1)_d5_Lipidyzer
PE,PE(P-14:0_18:1),672.5,-1,281.249,-1,7.29,0.5,SIL_PE(18:0_18:1)_d5_Lipidyzer
PE,PE(P-16:0_16:0),674.5,-1,255.233,-1,7.84,0.5,SIL_PE(18:0_18:1)_d5_Lipidyzer
PE,PE(P-16:0_16:1),672.5,-1,253.217,-1,7.49,0.5,SIL_PE(18:0_18:1)_d5_Lipidyzer
PE,PE(P-16:0_18:0),702.5,-1,283.264,-1,9.1,0.5,SIL_PE(18:0_18:1)_d5_Lipidyzer
PE,PE(P-16:0_18:1),700.5,-1,281.249,-1,8.72,0.5,SIL_PE(18:0_18:1)_d5_Lipidyzer
PE,PE(P-16:0_18:2),698.5,-1,279.233,-1,7.76,0.5,SIL_PE(18:0_18:2)_d5_Lipidyzer
PE,PE(P-16:0_18:3),696.5,-1,277.217,-1,6.95,0.5,SIL_PE(18:0_18:3)_d5_Lipidyzer
PE,PE(P-16:0_20:1),728.6,-1,309.28,-1,9.33,0.5,SIL_PE(18:0_20:3)_d5_Lipidyzer
PE,PE(P-16:0_20:2),726.5,-1,307.264,-1,8.93,0.5,SIL_PE(18:0_20:3)_d5_Lipidyzer
PE,PE(P-16:0_20:3),724.5,-1,305.249,-1,8.09,0.5,SIL_PE(18:0_20:3)_d5_Lipidyzer
PE,PE(P-16:0_20:4),722.5,-1,303.233,-1,7.58,0.5,SIL_PE(18:0_20:4)_d5_Lipidyzer
PE,PE(P-16:0_20:5),720.5,-1,301.217,-1,6.86,0.5,SIL_PE(18:0_20:5)_d5_Lipidyzer
PE,PE(P-16:0_22:4),750.5,-1,331.264,-1,8.51,0.5,SIL_PE(18:0_22:5)_d5_Lipidyzer
PE,PE(P-16:0_22:5),748.5,-1,329.249,-1,7.64,0.5,SIL_PE(18:0_22:5)_d5_Lipidyzer
PE,PE(P-16:0_22:6),746.5,-1,327.233,-1,7.31,0.5,SIL_PE(18:0_22:6)_d5_Lipidyzer
PE,PE(P-16:1_18:1),698.5,-1,281.249,-1,7.12,0.5,SIL_PE(18:0_18:1)_d5_Lipidyzer
PE,PE(P-18:0_16:0),702.5,-1,255.233,-1,9.33,0.5,SIL_PE(18:0_18:1)_d5_Lipidyzer
PE,PE(P-18:0_16:1),700.5,-1,253.217,-1,8.82,0.5,SIL_PE(18:0_18:1)_d5_Lipidyzer
PE,PE(P-18:0_18:0),730.6,-1,283.264,-1,9.34,0.5,SIL_PE(18:0_18:1)_d5_Lipidyzer
PE,PE(P-18:0_18:1),728.6,-1,281.249,-1,9.36,0.5,SIL_PE(18:0_18:1)_d5_Lipidyzer
PE,PE(P-18:0_18:2),726.5,-1,279.233,-1,9.08,0.5,SIL_PE(18:0_18:2)_d5_Lipidyzer
PE,PE(P-18:0_18:3),724.5,-1,277.217,-1,8.15,0.5,SIL_PE(18:0_18:3)_d5_Lipidyzer
PE,PE(P-18:0_20:1),756.6,-1,309.28,-1,9.58,0.5,SIL_PE(18:0_20:3)_d5_Lipidyzer
PE,PE(P-18:0_20:2),754.6,-1,307.264,-1,9.39,0.5,SIL_PE(18:0_20:3)_d5_Lipidyzer
PE,PE(P-18:0_20:3),752.6,-1,305.249,-1,9.21,0.5,SIL_PE(18:0_20:3)_d5_Lipidyzer
PE,PE(P-18:0_20:4),750.5,-1,303.233,-1,8.91,0.5,SIL_PE(18:0_20:4)_d5_Lipidyzer
PE,PE(P-18:0_20:5),748.5,-1,301.217,-1,8.01,0.5,SIL_PE(18:0_20:5)_d5_Lipidyzer
PE,PE(P-18:0_22:4),778.6,-1,331.264,-1,9.29,0.5,SIL_PE(18:0_22:5)_d5_Lipidyzer
PE,PE(P-18:0_22:5),776.6,-1,329.249,-1,8.99,0.5,SIL_PE(18:0_22:5)_d5_Lipidyzer
PE,PE(P-18:0_22:6),774.5,-1,327.233,-1,8.52,0.5,SIL_PE(18:0_22:6)_d5_Lipidyzer
PE,PE(P-18:1_16:0),700.5,-1,255.233,-1,8.76,0.5,SIL_PE(18:0_18:1)_d5_Lipidyzer
PE,PE(P-18:1_16:1),698.5,-1,253.217,-1,7.63,0.5,SIL_PE(18:0_18:1)_d5_Lipidyzer
PE,PE(P-18:1_18:0),728.6,-1,283.2,-1,9.41,0.5,SIL_PE(18:0_18:1)_d5_Lipidyzer
PE,PE(P-18:1_18:1),726.5,-1,281.249,-1,8.88,0.5,SIL_PE(18:0_18:1)_d5_Lipidyzer
PE,PE(P-18:1_18:2),724.5,-1,279.233,-1,7.83,0.5,SIL_PE(18:0_18:2)_d5_Lipidyzer
PE,PE(P-18:1_18:3),722.5,-1,277.217,-1,7.09,0.5,SIL_PE(18:0_18:3)_d5_Lipidyzer
PE,PE(P-18:1_20:1),754.6,-1,309.28,-1,9.36,0.5,SIL_PE(18:0_20:3)_d5_Lipidyzer
PE,PE(P-18:1_20:2),752.6,-1,307.264,-1,9.16,0.5,SIL_PE(18:0_20:3)_d5_Lipidyzer
PE,PE(P-18:1_20:3),750.5,-1,305.249,-1,8.15,0.5,SIL_PE(18:0_20:3)_d5_Lipidyzer
PE,PE(P-18:1_20:4),748.5,-1,303.233,-1,7.75,0.5,SIL_PE(18:0_20:4)_d5_Lipidyzer
PE,PE(P-18:1_20:5),746.5,-1,301.217,-1,6.94,0.5,SIL_PE(18:0_20:5)_d5_Lipidyzer
PE,PE(P-18:1_22:4),776.6,-1,331.264,-1,8.65,0.5,SIL_PE(18:0_22:5)_d5_Lipidyzer
PE,PE(P-18:1_22:5),774.5,-1,329.249,-1,7.78,0.5,SIL_PE(18:0_22:5)_d5_Lipidyzer
PE,PE(P-18:1_22:6),772.5,-1,327.233,-1,7.38,0.5,SIL_PE(18:0_22:6)_d5_Lipidyzer
PE,PE(P-18:2_18:2),722.5,-1,279.233,-1,6.99,0.5,SIL_PE(18:0_18:2)_d5_Lipidyzer
PE,PE(P-18:2_20:4),746.5,-1,303.233,-1,6.84,0.5,SIL_PE(18:0_20:4)_d5_Lipidyzer
PE,PE(P-18:2_22:6),770.5,-1,327.233,-1,6.59,0.5,SIL_PE(18:0_22:6)_d5_Lipidyzer
PE,SIL_PE(15:0_18:1)_d7_SPLASH,709.557,-1,288.298,-1,7.44,0.5,NA
PE,SIL_PE(18:0_18:1)_d5_Lipidyzer,749.6,-1,281.2,-1,9.19,0.5,NA
PE,SIL_PE(18:0_18:2)_d5_Lipidyzer,747.5,-1,279.2,-1,8.37,0.5,NA
PE,SIL_PE(18:0_18:3)_d5_Lipidyzer,745.5,-1,277.2,-1,7.56,0.5,NA
PE,SIL_PE(18:0_20:3)_d5_Lipidyzer,773.6,-1,305.2,-1,8.71,0.5,NA
PE,SIL_PE(18:0_20:4)_d5_Lipidyzer,771.5,-1,303.2,-1,8.11,0.5,NA
PE,SIL_PE(18:0_20:5)_d5_Lipidyzer,769.5,-1,301.2,-1,7.43,0.5,NA
PE,SIL_PE(18:0_22:5)_d5_Lipidyzer,797.6,-1,329.2,-1,8.31,0.5,NA
PE,SIL_PE(18:0_22:6)_d5_Lipidyzer,795.5,-1,327.2,-1,7.86,0.5,NA
PG,PG(14:0_14:0),665.44,-1,227.202,-1,4.68,0.5,SIL_PG(15:0_18:1)_d7_SPLASH
PG,PG(14:0_18:1),719.487,-1,281.249,-1,5.24,0.5,SIL_PG(15:0_18:1)_d7_SPLASH
PG,PG(14:0_18:2),717.471,-1,279.233,-1,4.87,0.5,SIL_PG(15:0_18:1)_d7_SPLASH
PG,PG(14:0_18:3),715.456,-1,277.217,-1,4.57,0.5,SIL_PG(15:0_18:1)_d7_SPLASH
PG,PG(14:0_20:1),747.518,-1,309.28,-1,5.44,0.5,SIL_PG(15:0_18:1)_d7_SPLASH
PG,PG(14:0_20:2),745.503,-1,307.264,-1,5.22,0.5,SIL_PG(15:0_18:1)_d7_SPLASH
PG,PG(14:0_20:3),743.487,-1,305.249,-1,4.9,0.5,SIL_PG(15:0_18:1)_d7_SPLASH
PG,PG(14:0_20:4),741.471,-1,303.233,-1,4.74,0.5,SIL_PG(15:0_18:1)_d7_SPLASH
PG,PG(14:0_20:5),739.456,-1,301.217,-1,4.36,0.5,SIL_PG(15:0_18:1)_d7_SPLASH
PG,PG(14:0_22:4),769.503,-1,331.264,-1,5.66,0.5,SIL_PG(15:0_18:1)_d7_SPLASH
PG,PG(14:0_22:5),767.487,-1,329.249,-1,4.92,0.5,SIL_PG(15:0_18:1)_d7_SPLASH
PG,PG(14:0_22:6),765.471,-1,327.233,-1,4.59,0.5,SIL_PG(15:0_18:1)_d7_SPLASH
PG,PG(14:1_14:1),661.4,-1,225.2,-1,4.07,0.5,SIL_PG(15:0_18:1)_d7_SPLASH
PG,PG(16:0_14:0),693.471,-1,227.202,-1,5.31,0.5,SIL_PG(15:0_18:1)_d7_SPLASH
PG,PG(16:0_16:0),721.503,-1,255.233,-1,6.15,0.5,SIL_PG(15:0_18:1)_d7_SPLASH
PG,PG(16:0_16:1),719.487,-1,253.217,-1,5.36,0.5,SIL_PG(15:0_18:1)_d7_SPLASH
PG,PG(16:0_18:0),749.534,-1,283.264,-1,6.98,0.5,SIL_PG(15:0_18:1)_d7_SPLASH
PG,PG(16:0_18:1),747.518,-1,281.249,-1,6.2,0.5,SIL_PG(15:0_18:1)_d7_SPLASH
PG,PG(16:0_18:2),745.503,-1,279.233,-1,5.58,0.5,SIL_PG(15:0_18:1)_d7_SPLASH
PG,PG(16:0_18:3),743.487,-1,277.217,-1,5.09,0.5,SIL_PG(15:0_18:1)_d7_SPLASH
PG,PG(16:0_20:1),775.549,-1,309.28,-1,6.97,0.5,SIL_PG(15:0_18:1)_d7_SPLASH
PG,PG(16:0_20:2),773.534,-1,307.264,-1,6.22,0.5,SIL_PG(15:0_18:1)_d7_SPLASH
PG,PG(16:0_20:3),771.518,-1,305.249,-1,5.76,0.5,SIL_PG(15:0_18:1)_d7_SPLASH
PG,PG(16:0_20:4),769.503,-1,303.233,-1,5.56,0.5,SIL_PG(15:0_18:1)_d7_SPLASH
PG,PG(16:0_20:5),767.487,-1,301.217,-1,4.76,0.5,SIL_PG(15:0_18:1)_d7_SPLASH
PG,PG(16:0_22:4),797.534,-1,331.264,-1,6.76,0.5,SIL_PG(15:0_18:1)_d7_SPLASH
PG,PG(16:0_22:5),795.518,-1,329.249,-1,6.59,0.5,SIL_PG(15:0_18:1)_d7_SPLASH
PG,PG(16:0_22:6),793.503,-1,327.233,-1,6.14,0.5,SIL_PG(15:0_18:1)_d7_SPLASH
PG,PG(18:0_14:0),721.503,-1,227.202,-1,6.16,0.5,SIL_PG(15:0_18:1)_d7_SPLASH
PG,PG(18:0_16:1),747.518,-1,253.217,-1,6.21,0.5,SIL_PG(15:0_18:1)_d7_SPLASH
PG,PG(18:0_18:0),777.565,-1,283.264,-1,7.34,0.5,SIL_PG(15:0_18:1)_d7_SPLASH
PG,PG(18:0_18:1),775.549,-1,281.249,-1,7.03,0.5,SIL_PG(15:0_18:1)_d7_SPLASH
PG,PG(18:0_18:2),773.534,-1,279.233,-1,6.47,0.5,SIL_PG(15:0_18:1)_d7_SPLASH
PG,PG(18:0_18:3),771.518,-1,277.217,-1,5.83,0.5,SIL_PG(15:0_18:1)_d7_SPLASH
PG,PG(18:0_20:0),805.596,-1,283.264,-1,8.41,0.5,SIL_PG(15:0_18:1)_d7_SPLASH
PG,PG(18:0_20:1),803.581,-1,309.28,-1,8.04,0.5,SIL_PG(15:0_18:1)_d7_SPLASH
PG,PG(18:0_20:2),801.565,-1,307.264,-1,7.24,0.5,SIL_PG(15:0_18:1)_d7_SPLASH
PG,PG(18:0_20:3),799.549,-1,305.249,-1,6.55,0.5,SIL_PG(15:0_18:1)_d7_SPLASH
PG,PG(18:0_20:4),797.534,-1,303.233,-1,6.25,0.5,SIL_PG(15:0_18:1)_d7_SPLASH
PG,PG(18:0_20:5),795.518,-1,301.217,-1,6.22,0.5,SIL_PG(15:0_18:1)_d7_SPLASH
PG,PG(18:0_22:4),825.565,-1,331.264,-1,6.79,0.5,SIL_PG(15:0_18:1)_d7_SPLASH
PG,PG(18:0_22:5),823.549,-1,329.249,-1,6.32,0.5,SIL_PG(15:0_18:1)_d7_SPLASH
PG,PG(18:0_22:6),821.534,-1,327.233,-1,6.15,0.5,SIL_PG(15:0_18:1)_d7_SPLASH
PG,PG(18:1_16:1),745.503,-1,281.249,-1,7.82,0.5,SIL_PG(15:0_18:1)_d7_SPLASH
PG,PG(18:1_18:1),773.534,-1,281.249,-1,9.08,0.5,SIL_PG(15:0_18:1)_d7_SPLASH
PG,PG(18:1_18:2),771.518,-1,279.233,-1,8.1,0.5,SIL_PG(15:0_18:1)_d7_SPLASH
PG,PG(18:1_18:3),769.503,-1,277.217,-1,7.57,0.5,SIL_PG(15:0_18:1)_d7_SPLASH
PG,PG(18:1_20:1),801.565,-1,309.28,-1,9.42,0.5,SIL_PG(15:0_18:1)_d7_SPLASH
PG,PG(18:1_20:2),799.549,-1,307.264,-1,9.17,0.5,SIL_PG(15:0_18:1)_d7_SPLASH
PG,PG(18:1_20:3),797.534,-1,305.249,-1,9.14,0.5,SIL_PG(15:0_18:1)_d7_SPLASH
PG,PG(18:1_20:4),795.518,-1,303.233,-1,7.97,0.5,SIL_PG(15:0_18:1)_d7_SPLASH
PG,PG(18:1_20:5),793.503,-1,301.217,-1,7.22,0.5,SIL_PG(15:0_18:1)_d7_SPLASH
PG,PG(18:1_22:4),823.549,-1,331.264,-1,8.89,0.5,SIL_PG(15:0_18:1)_d7_SPLASH
PG,PG(18:1_22:5),821.534,-1,329.249,-1,8.43,0.5,SIL_PG(15:0_18:1)_d7_SPLASH
PG,PG(18:1_22:6),819.518,-1,327.233,-1,7.85,0.5,SIL_PG(15:0_18:1)_d7_SPLASH
PG,PG(18:2_16:1),743.487,-1,279.233,-1,6.95,0.5,SIL_PG(15:0_18:1)_d7_SPLASH
PG,PG(18:2_18:2),769.503,-1,279.233,-1,7.05,0.5,SIL_PG(15:0_18:1)_d7_SPLASH
PG,PG(18:2_18:3),767.487,-1,277.217,-1,6.39,0.5,SIL_PG(15:0_18:1)_d7_SPLASH
PG,PG(18:2_20:1),799.549,-1,309.28,-1,9.43,0.5,SIL_PG(15:0_18:1)_d7_SPLASH
PG,PG(18:2_20:2),797.534,-1,307.264,-1,8.29,0.5,SIL_PG(15:0_18:1)_d7_SPLASH
PG,PG(18:2_20:3),795.518,-1,305.249,-1,7.41,0.5,SIL_PG(15:0_18:1)_d7_SPLASH
PG,PG(18:2_20:4),793.503,-1,303.233,-1,6.65,0.5,SIL_PG(15:0_18:1)_d7_SPLASH
PG,PG(18:2_20:5),791.487,-1,301.217,-1,6.19,0.5,SIL_PG(15:0_18:1)_d7_SPLASH
PG,PG(18:2_22:4),821.534,-1,331.264,-1,7.6,0.5,SIL_PG(15:0_18:1)_d7_SPLASH
PG,PG(18:2_22:5),819.518,-1,329.249,-1,6.96,0.5,SIL_PG(15:0_18:1)_d7_SPLASH
PG,PG(18:2_22:6),817.503,-1,327.233,-1,6.6,0.5,SIL_PG(15:0_18:1)_d7_SPLASH
PG,PG(20:0_16:1),775.549,-1,253.217,-1,7.23,0.5,SIL_PG(15:0_18:1)_d7_SPLASH
PG,PG(20:0_18:1),803.581,-1,281.249,-1,8.43,0.5,SIL_PG(15:0_18:1)_d7_SPLASH
PG,PG(20:0_18:2),801.565,-1,279.233,-1,7.47,0.5,SIL_PG(15:0_18:1)_d7_SPLASH
PG,PG(20:0_18:3),799.549,-1,277.217,-1,6.7,0.5,SIL_PG(15:0_18:1)_d7_SPLASH
PG,PG(20:0_20:1),831.612,-1,309.28,-1,9.26,0.5,SIL_PG(15:0_18:1)_d7_SPLASH
PG,PG(20:0_20:2),829.596,-1,307.264,-1,8.66,0.5,SIL_PG(15:0_18:1)_d7_SPLASH
PG,PG(20:0_20:3),827.581,-1,305.249,-1,7.82,0.5,SIL_PG(15:0_18:1)_d7_SPLASH
PG,PG(20:0_20:4),825.565,-1,303.233,-1,7.34,0.5,SIL_PG(15:0_18:1)_d7_SPLASH
PG,PG(20:0_20:5),823.549,-1,301.217,-1,6.61,0.5,SIL_PG(15:0_18:1)_d7_SPLASH
PG,PG(20:0_22:4),853.596,-1,331.264,-1,8.21,0.5,SIL_PG(15:0_18:1)_d7_SPLASH
PG,PG(20:0_22:5),851.581,-1,329.249,-1,7.41,0.5,SIL_PG(15:0_18:1)_d7_SPLASH
PG,PG(20:0_22:6),849.565,-1,327.233,-1,7.19,0.5,SIL_PG(15:0_18:1)_d7_SPLASH
PG,SIL_PG(15:0_18:1)_d7_SPLASH,740.552,-1,288.298,-1,5.76,0.5,NA
PI,PI(14:0_14:0),753.456,-1,227.202,-1,4.11,0.5,SIL_PI(15:0_18:1)_d7_SPLASH
PI,PI(14:0_18:1),807.503,-1,281.249,-1,5.17,0.5,SIL_PI(15:0_18:1)_d7_SPLASH
PI,PI(14:0_18:2),805.487,-1,279.233,-1,4.78,0.5,SIL_PI(15:0_18:1)_d7_SPLASH
PI,PI(14:0_18:3),803.472,-1,277.217,-1,4.64,0.5,SIL_PI(15:0_18:1)_d7_SPLASH
PI,PI(14:0_20:1),835.534,-1,309.28,-1,6.24,0.5,SIL_PI(15:0_18:1)_d7_SPLASH
PI,PI(14:0_20:2),833.518,-1,307.264,-1,5.35,0.5,SIL_PI(15:0_18:1)_d7_SPLASH
PI,PI(14:0_20:3),831.503,-1,305.249,-1,4.96,0.5,SIL_PI(15:0_18:1)_d7_SPLASH
PI,PI(14:0_20:4),829.487,-1,303.233,-1,4.68,0.5,SIL_PI(15:0_18:1)_d7_SPLASH
PI,PI(14:0_20:5),827.472,-1,301.217,-1,4.1,0.5,SIL_PI(15:0_18:1)_d7_SPLASH
PI,PI(14:0_22:4),857.518,-1,331.264,-1,5.38,0.5,SIL_PI(15:0_18:1)_d7_SPLASH
PI,PI(14:0_22:5),855.503,-1,329.249,-1,4.69,0.5,SIL_PI(15:0_18:1)_d7_SPLASH
PI,PI(14:0_22:6),853.487,-1,327.233,-1,4.4,0.5,SIL_PI(15:0_18:1)_d7_SPLASH
PI,PI(14:1_14:1),749.4,-1,225.2,-1,2.97,0.5,SIL_PI(15:0_18:1)_d7_SPLASH
PI,PI(16:0_14:0),781.487,-1,227.202,-1,5.11,0.5,SIL_PI(15:0_18:1)_d7_SPLASH
PI,PI(16:0_16:0),809.518,-1,255.233,-1,5.92,0.5,SIL_PI(15:0_18:1)_d7_SPLASH
PI,PI(16:0_16:1),807.503,-1,253.217,-1,5.24,0.5,SIL_PI(15:0_18:1)_d7_SPLASH
PI,PI(16:0_18:0),837.55,-1,283.264,-1,6.72,0.5,SIL_PI(15:0_18:1)_d7_SPLASH
PI,PI(16:0_18:1),835.534,-1,281.249,-1,5.97,0.5,SIL_PI(15:0_18:1)_d7_SPLASH
PI,PI(16:0_18:2),833.518,-1,279.233,-1,5.4,0.5,SIL_PI(15:0_18:1)_d7_SPLASH
PI,PI(16:0_18:3),831.502,-1,277.218,-1,5.1,0.5,SIL_PI(15:0_18:1)_d7_SPLASH
PI,PI(16:0_20:1),863.565,-1,309.28,-1,6.84,0.5,SIL_PI(15:0_18:1)_d7_SPLASH
PI,PI(16:0_20:2),861.55,-1,307.264,-1,6.18,0.5,SIL_PI(15:0_18:1)_d7_SPLASH
PI,PI(16:0_20:3),859.534,-1,305.249,-1,5.64,0.5,SIL_PI(15:0_18:1)_d7_SPLASH
PI,PI(16:0_20:4),857.518,-1,303.233,-1,5.38,0.5,SIL_PI(15:0_18:1)_d7_SPLASH
PI,PI(16:0_20:5),855.503,-1,301.217,-1,5.01,0.5,SIL_PI(15:0_18:1)_d7_SPLASH
PI,PI(16:0_22:4),885.55,-1,331.264,-1,5.91,0.5,SIL_PI(15:0_18:1)_d7_SPLASH
PI,PI(16:0_22:5),883.534,-1,329.249,-1,5.47,0.5,SIL_PI(15:0_18:1)_d7_SPLASH
PI,PI(16:0_22:6),881.518,-1,327.233,-1,5.24,0.5,SIL_PI(15:0_18:1)_d7_SPLASH
PI,PI(18:0_14:0),809.518,-1,227.202,-1,5.88,0.5,SIL_PI(15:0_18:1)_d7_SPLASH
PI,PI(18:0_16:1),835.534,-1,253.217,-1,5.99,0.5,SIL_PI(15:0_18:1)_d7_SPLASH
PI,PI(18:0_18:0),865.581,-1,283.264,-1,6.59,0.5,SIL_PI(15:0_18:1)_d7_SPLASH
PI,PI(18:0_18:1),863.565,-1,281.249,-1,6.9,0.5,SIL_PI(15:0_18:1)_d7_SPLASH
PI,PI(18:0_18:2),861.55,-1,279.233,-1,6.2,0.5,SIL_PI(15:0_18:1)_d7_SPLASH
PI,PI(18:0_18:3),859.534,-1,277.217,-1,5.85,0.5,SIL_PI(15:0_18:1)_d7_SPLASH
PI,PI(18:0_20:0),893.612,-1,283.264,-1,7.73,0.5,SIL_PI(15:0_18:1)_d7_SPLASH
PI,PI(18:0_20:1),891.597,-1,309.28,-1,7.87,0.5,SIL_PI(15:0_18:1)_d7_SPLASH
PI,PI(18:0_20:2),889.581,-1,307.264,-1,7.04,0.5,SIL_PI(15:0_18:1)_d7_SPLASH
PI,PI(18:0_20:3),887.565,-1,305.249,-1,6.54,0.5,SIL_PI(15:0_18:1)_d7_SPLASH
PI,PI(18:0_20:4),885.55,-1,283.3,-1,6.2,0.5,SIL_PI(15:0_18:1)_d7_SPLASH
PI,PI(18:0_20:5),883.534,-1,301.217,-1,5.64,0.5,SIL_PI(15:0_18:1)_d7_SPLASH
PI,PI(18:0_22:4),913.581,-1,331.264,-1,6.82,0.5,SIL_PI(15:0_18:1)_d7_SPLASH
PI,PI(18:0_22:5),911.565,-1,329.249,-1,6.23,0.5,SIL_PI(15:0_18:1)_d7_SPLASH
PI,PI(18:0_22:6),909.55,-1,327.233,-1,5.94,0.5,SIL_PI(15:0_18:1)_d7_SPLASH
PI,PI(18:1_16:1),833.518,-1,281.249,-1,5.35,0.5,SIL_PI(15:0_18:1)_d7_SPLASH
PI,PI(18:1_18:1),861.55,-1,281.249,-1,6.16,0.5,SIL_PI(15:0_18:1)_d7_SPLASH
PI,PI(18:1_18:2),859.534,-1,279.233,-1,5.49,0.5,SIL_PI(15:0_18:1)_d7_SPLASH
PI,PI(18:1_18:3),857.518,-1,277.217,-1,4.42,0.5,SIL_PI(15:0_18:1)_d7_SPLASH
PI,PI(18:1_20:1),889.581,-1,309.28,-1,6.96,0.5,SIL_PI(15:0_18:1)_d7_SPLASH
PI,PI(18:1_20:2),887.565,-1,307.264,-1,6.18,0.5,SIL_PI(15:0_18:1)_d7_SPLASH
PI,PI(18:1_20:3),885.55,-1,305.249,-1,5.76,0.5,SIL_PI(15:0_18:1)_d7_SPLASH
PI,PI(18:1_20:4),883.534,-1,303.233,-1,5.5,0.5,SIL_PI(15:0_18:1)_d7_SPLASH
PI,PI(18:1_20:5),881.518,-1,301.217,-1,4.83,0.5,SIL_PI(15:0_18:1)_d7_SPLASH
PI,PI(18:1_22:4),911.565,-1,331.264,-1,6.02,0.5,SIL_PI(15:0_18:1)_d7_SPLASH
PI,PI(18:1_22:5),909.55,-1,329.249,-1,5.5,0.5,SIL_PI(15:0_18:1)_d7_SPLASH
PI,PI(18:1_22:6),907.534,-1,327.233,-1,5.34,0.5,SIL_PI(15:0_18:1)_d7_SPLASH
PI,PI(18:2_16:1),831.503,-1,279.233,-1,4.87,0.5,SIL_PI(15:0_18:1)_d7_SPLASH
PI,PI(18:2_18:2),857.518,-1,279.233,-1,4.99,0.5,SIL_PI(15:0_18:1)_d7_SPLASH
PI,PI(18:2_18:3),855.503,-1,277.217,-1,4.66,0.5,SIL_PI(15:0_18:1)_d7_SPLASH
PI,PI(18:2_20:1),887.565,-1,309.28,-1,6.24,0.5,SIL_PI(15:0_18:1)_d7_SPLASH
PI,PI(18:2_20:2),885.55,-1,307.264,-1,5.65,0.5,SIL_PI(15:0_18:1)_d7_SPLASH
PI,PI(18:2_20:3),883.534,-1,305.249,-1,5.15,0.5,SIL_PI(15:0_18:1)_d7_SPLASH
PI,PI(18:2_20:4),881.518,-1,303.233,-1,4.95,0.5,SIL_PI(15:0_18:1)_d7_SPLASH
PI,PI(18:2_20:5),879.503,-1,301.217,-1,4.62,0.5,SIL_PI(15:0_18:1)_d7_SPLASH
PI,PI(18:2_22:4),909.55,-1,331.264,-1,5.54,0.5,SIL_PI(15:0_18:1)_d7_SPLASH
PI,PI(18:2_22:5),907.534,-1,329.249,-1,5.07,0.5,SIL_PI(15:0_18:1)_d7_SPLASH
PI,PI(18:2_22:6),905.518,-1,327.233,-1,4.8,0.5,SIL_PI(15:0_18:1)_d7_SPLASH
PI,PI(20:0_16:1),863.565,-1,253.217,-1,5.77,0.5,SIL_PI(15:0_18:1)_d7_SPLASH
PI,PI(20:0_18:1),891.597,-1,281.249,-1,6.68,0.5,SIL_PI(15:0_18:1)_d7_SPLASH
PI,PI(20:0_18:2),889.581,-1,279.233,-1,5.93,0.5,SIL_PI(15:0_18:1)_d7_SPLASH
PI,PI(20:0_18:3),887.565,-1,277.217,-1,5.48,0.5,SIL_PI(15:0_18:1)_d7_SPLASH
PI,PI(20:0_20:1),919.628,-1,309.28,-1,7.73,0.5,SIL_PI(15:0_18:1)_d7_SPLASH
PI,PI(20:0_20:2),917.612,-1,307.264,-1,6.78,0.5,SIL_PI(15:0_18:1)_d7_SPLASH
PI,PI(20:0_20:3),915.597,-1,305.249,-1,6.17,0.5,SIL_PI(15:0_18:1)_d7_SPLASH
PI,PI(20:0_20:4),913.581,-1,303.233,-1,5.81,0.5,SIL_PI(15:0_18:1)_d7_SPLASH
PI,PI(20:0_20:5),911.565,-1,301.217,-1,5.44,0.5,SIL_PI(15:0_18:1)_d7_SPLASH
PI,PI(20:0_22:5),939.597,-1,329.249,-1,5.93,0.5,SIL_PI(15:0_18:1)_d7_SPLASH
PI,PI(20:0_22:6),937.581,-1,327.233,-1,5.64,0.5,SIL_PI(15:0_18:1)_d7_SPLASH
PI,SIL_PI(15:0_18:1)_d7_SPLASH,828.56,-1,288.298,-1,5.57,0.5,NA
PS,PS(14:0_14:0),678.435,-1,227.202,-1,5.06,0.5,SIL_PS(15:0_18:1)_d7_SPLASH
PS,PS(14:0_18:1),732.482,-1,281.249,-1,6.73,0.5,SIL_PS(15:0_18:1)_d7_SPLASH
PS,PS(14:0_18:2),730.466,-1,279.233,-1,6.47,0.5,SIL_PS(15:0_18:1)_d7_SPLASH
PS,PS(14:0_18:3),728.451,-1,277.217,-1,6.26,0.5,SIL_PS(15:0_18:1)_d7_SPLASH
PS,PS(14:0_20:1),760.513,-1,309.28,-1,7.96,0.5,SIL_PS(15:0_18:1)_d7_SPLASH
PS,PS(14:0_20:2),758.498,-1,307.264,-1,7.69,0.5,SIL_PS(15:0_18:1)_d7_SPLASH
PS,PS(14:0_20:3),756.482,-1,305.249,-1,7.17,0.5,SIL_PS(15:0_18:1)_d7_SPLASH
PS,PS(14:0_20:4),754.466,-1,303.233,-1,6.66,0.5,SIL_PS(15:0_18:1)_d7_SPLASH
PS,PS(14:0_20:5),752.451,-1,301.217,-1,5.36,0.5,SIL_PS(15:0_18:1)_d7_SPLASH
PS,PS(14:0_22:4),782.498,-1,331.264,-1,8.12,0.5,SIL_PS(15:0_18:1)_d7_SPLASH
PS,PS(14:0_22:5),780.482,-1,329.249,-1,6.89,0.5,SIL_PS(15:0_18:1)_d7_SPLASH
PS,PS(14:0_22:6),778.466,-1,327.233,-1,6.56,0.5,SIL_PS(15:0_18:1)_d7_SPLASH
PS,PS(14:1_14:1),674.4,-1,225.2,-1,3.64,0.5,SIL_PS(15:0_18:1)_d7_SPLASH
PS,PS(16:0_14:0),706.466,-1,227.202,-1,7.06,0.5,SIL_PS(15:0_18:1)_d7_SPLASH
PS,PS(16:0_16:0),734.498,-1,255.233,-1,7.83,0.5,SIL_PS(15:0_18:1)_d7_SPLASH
PS,PS(16:0_16:1),732.482,-1,253.217,-1,6.2,0.5,SIL_PS(15:0_18:1)_d7_SPLASH
PS,PS(16:0_18:0),760.513,-1,283.264,-1,7.93,0.5,SIL_PS(15:0_18:1)_d7_SPLASH
PS,PS(16:0_18:1),760.513,-1,281.249,-1,7.85,0.5,SIL_PS(15:0_18:1)_d7_SPLASH
PS,PS(16:0_18:2),758.498,-1,279.233,-1,7.02,0.5,SIL_PS(15:0_18:1)_d7_SPLASH
PS,PS(16:0_18:3),756.482,-1,277.217,-1,6.24,0.5,SIL_PS(15:0_18:1)_d7_SPLASH
PS,PS(16:0_20:1),788.545,-1,309.28,-1,9.31,0.5,SIL_PS(15:0_18:1)_d7_SPLASH
PS,PS(16:0_20:2),786.529,-1,307.264,-1,8.3,0.5,SIL_PS(15:0_18:1)_d7_SPLASH
PS,PS(16:0_20:3),784.513,-1,305.249,-1,7.34,0.5,SIL_PS(15:0_18:1)_d7_SPLASH
PS,PS(16:0_20:4),782.498,-1,303.233,-1,6.87,0.5,SIL_PS(15:0_18:1)_d7_SPLASH
PS,PS(16:0_20:5),780.482,-1,301.217,-1,6.21,0.5,SIL_PS(15:0_18:1)_d7_SPLASH
PS,PS(16:0_22:4),810.529,-1,331.264,-1,8.47,0.5,SIL_PS(15:0_18:1)_d7_SPLASH
PS,PS(16:0_22:5),808.513,-1,329.249,-1,7.86,0.5,SIL_PS(15:0_18:1)_d7_SPLASH
PS,PS(16:0_22:6),806.498,-1,327.233,-1,7.37,0.5,SIL_PS(15:0_18:1)_d7_SPLASH
PS,PS(18:0_14:0),734.498,-1,227.202,-1,7.91,0.5,SIL_PS(15:0_18:1)_d7_SPLASH
PS,PS(18:0_16:1),760.513,-1,253.217,-1,8.23,0.5,SIL_PS(15:0_18:1)_d7_SPLASH
PS,PS(18:0_18:0),790.56,-1,283.264,-1,7.97,0.5,SIL_PS(15:0_18:1)_d7_SPLASH
PS,PS(18:0_18:1),788.545,-1,281.249,-1,6.92,0.5,SIL_PS(15:0_18:1)_d7_SPLASH
PS,PS(18:0_18:2),786.529,-1,279.233,-1,6.14,0.5,SIL_PS(15:0_18:1)_d7_SPLASH
PS,PS(18:0_18:3),784.513,-1,277.217,-1,5.61,0.5,SIL_PS(15:0_18:1)_d7_SPLASH
PS,PS(18:0_20:0),818.592,-1,283.264,-1,7.86,0.5,SIL_PS(15:0_18:1)_d7_SPLASH
PS,PS(18:0_20:1),816.576,-1,309.28,-1,7.97,0.5,SIL_PS(15:0_18:1)_d7_SPLASH
PS,PS(18:0_20:2),814.56,-1,307.264,-1,7.06,0.5,SIL_PS(15:0_18:1)_d7_SPLASH
PS,PS(18:0_20:3),812.545,-1,305.249,-1,6.65,0.5,SIL_PS(15:0_18:1)_d7_SPLASH
PS,PS(18:0_20:4),810.529,-1,303.233,-1,6.23,0.5,SIL_PS(15:0_18:1)_d7_SPLASH
PS,PS(18:0_20:5),808.513,-1,301.217,-1,5.73,0.5,SIL_PS(15:0_18:1)_d7_SPLASH
PS,PS(18:0_22:4),838.56,-1,331.264,-1,6.95,0.5,SIL_PS(15:0_18:1)_d7_SPLASH
PS,PS(18:0_22:5),836.545,-1,329.249,-1,6.69,0.5,SIL_PS(15:0_18:1)_d7_SPLASH
PS,PS(18:0_22:6),834.529,-1,327.233,-1,6.12,0.5,SIL_PS(15:0_18:1)_d7_SPLASH
PS,PS(18:1_16:1),758.498,-1,281.249,-1,5.58,0.5,SIL_PS(15:0_18:1)_d7_SPLASH
PS,PS(18:1_18:1),786.529,-1,281.249,-1,6.19,0.5,SIL_PS(15:0_18:1)_d7_SPLASH
PS,PS(18:1_18:2),784.513,-1,279.233,-1,6.06,0.5,SIL_PS(15:0_18:1)_d7_SPLASH
PS,PS(18:1_18:3),782.498,-1,277.217,-1,5.61,0.5,SIL_PS(15:0_18:1)_d7_SPLASH
PS,PS(18:1_20:1),814.56,-1,309.28,-1,6.21,0.5,SIL_PS(15:0_18:1)_d7_SPLASH
PS,PS(18:1_20:2),812.545,-1,307.264,-1,6.21,0.5,SIL_PS(15:0_18:1)_d7_SPLASH
PS,PS(18:1_20:3),810.529,-1,305.249,-1,6.22,0.5,SIL_PS(15:0_18:1)_d7_SPLASH
PS,PS(18:1_20:4),808.513,-1,303.233,-1,5.57,0.5,SIL_PS(15:0_18:1)_d7_SPLASH
PS,PS(18:1_20:5),806.498,-1,301.217,-1,5.29,0.5,SIL_PS(15:0_18:1)_d7_SPLASH
PS,PS(18:1_22:4),836.545,-1,331.264,-1,6.53,0.5,SIL_PS(15:0_18:1)_d7_SPLASH
PS,PS(18:1_22:5),834.529,-1,329.249,-1,6.53,0.5,SIL_PS(15:0_18:1)_d7_SPLASH
PS,PS(18:1_22:6),832.513,-1,327.233,-1,6.17,0.5,SIL_PS(15:0_18:1)_d7_SPLASH
PS,PS(18:2_16:1),756.482,-1,279.233,-1,5.62,0.5,SIL_PS(15:0_18:1)_d7_SPLASH
PS,PS(18:2_18:2),782.498,-1,279.233,-1,5.64,0.5,SIL_PS(15:0_18:1)_d7_SPLASH
PS,PS(18:2_18:3),780.482,-1,277.217,-1,5.28,0.5,SIL_PS(15:0_18:1)_d7_SPLASH
PS,PS(18:2_20:1),812.545,-1,309.28,-1,6.68,0.5,SIL_PS(15:0_18:1)_d7_SPLASH
PS,PS(18:2_20:2),810.529,-1,307.264,-1,6.21,0.5,SIL_PS(15:0_18:1)_d7_SPLASH
PS,PS(18:2_20:3),808.513,-1,305.249,-1,5.24,0.5,SIL_PS(15:0_18:1)_d7_SPLASH
PS,PS(18:2_20:4),806.498,-1,303.233,-1,5.52,0.5,SIL_PS(15:0_18:1)_d7_SPLASH
PS,PS(18:2_20:5),804.482,-1,301.217,-1,5.18,0.5,SIL_PS(15:0_18:1)_d7_SPLASH
PS,PS(18:2_22:4),834.529,-1,331.264,-1,6.2,0.5,SIL_PS(15:0_18:1)_d7_SPLASH
PS,PS(18:2_22:5),832.513,-1,329.249,-1,5.56,0.5,SIL_PS(15:0_18:1)_d7_SPLASH
PS,PS(18:2_22:6),830.498,-1,327.233,-1,4.94,0.5,SIL_PS(15:0_18:1)_d7_SPLASH
PS,PS(20:0_16:1),788.545,-1,253.217,-1,5.86,0.5,SIL_PS(15:0_18:1)_d7_SPLASH
PS,PS(20:0_18:1),816.56,-1,281.249,-1,6.8,0.5,SIL_PS(15:0_18:1)_d7_SPLASH
PS,PS(20:0_18:2),814.561,-1,279.234,-1,6.07,0.5,SIL_PS(15:0_18:1)_d7_SPLASH
PS,PS(20:0_18:3),812.545,-1,277.217,-1,5.56,0.5,SIL_PS(15:0_18:1)_d7_SPLASH
PS,PS(20:0_20:1),844.607,-1,309.28,-1,7.9,0.5,SIL_PS(15:0_18:1)_d7_SPLASH
PS,PS(20:0_20:2),842.592,-1,307.264,-1,6.97,0.5,SIL_PS(15:0_18:1)_d7_SPLASH
PS,PS(20:0_20:3),840.576,-1,305.249,-1,6.37,0.5,SIL_PS(15:0_18:1)_d7_SPLASH
PS,PS(20:0_20:4),838.56,-1,303.233,-1,6,0.5,SIL_PS(15:0_18:1)_d7_SPLASH
PS,PS(20:0_20:5),836.545,-1,301.217,-1,5.44,0.5,SIL_PS(15:0_18:1)_d7_SPLASH
PS,PS(20:0_22:4),866.592,-1,331.264,-1,6.7,0.5,SIL_PS(15:0_18:1)_d7_SPLASH
PS,PS(20:0_22:5),864.576,-1,329.249,-1,6.05,0.5,SIL_PS(15:0_18:1)_d7_SPLASH
PS,PS(20:0_22:6),862.56,-1,327.233,-1,5.79,0.5,SIL_PS(15:0_18:1)_d7_SPLASH
PS,SIL_PS(15:0_18:1)_d7_SPLASH,753.547,-1,288.298,-1,5.61,0.5,NA
SM,SIL_SM(16:0)_d7_Lipidyzer,710.6,1,184.2,1,6.49,0.5,NA
SM,SIL_SM(18:1)_d7_Lipidyzer,736.6,1,184.2,1,6.66,0.5,NA
SM,SIL_SM(18:1)_d9_SPLASH,738.663,1,184.2,1,6.66,0.5,NA
SM,SIL_SM(24:0)_d7_Lipidyzer,822.7,1,184.2,1,9.64,0.5,NA
SM,SIL_SM(24:1)_d7_Lipidyzer,820.7,1,184.2,1,9.38,0.5,NA
SM,SM(14:0),675.5,1,184.1,1,5.6,0.5,SIL_SM(16:0)_d7_Lipidyzer
SM,SM(16:0),703.6,1,184.1,1,6.48,0.5,SIL_SM(16:0)_d7_Lipidyzer
SM,SM(18:0),731.6,1,184.1,1,7.67,0.5,SIL_SM(18:1)_d7_Lipidyzer
SM,SM(18:1),729.6,1,184.1,1,6.7,0.5,SIL_SM(18:1)_d7_Lipidyzer
SM,SM(20:0),759.6,1,184.1,1,8.26,0.5,SIL_SM(18:1)_d7_Lipidyzer
SM,SM(20:1),757.6,1,184.1,1,7.83,0.5,SIL_SM(18:1)_d7_Lipidyzer
SM,SM(22:0),787.7,1,184.1,1,9.38,0.5,SIL_SM(18:1)_d7_Lipidyzer
SM,SM(22:1),785.7,1,184.1,1,9.13,0.5,SIL_SM(18:1)_d7_Lipidyzer
SM,SM(24:0),815.7,1,184.1,1,9.64,0.5,SIL_SM(24:0)_d7_Lipidyzer
SM,SM(24:1),813.7,1,184.1,1,9.35,0.5,SIL_SM(24:1)_d7_Lipidyzer
SM,SM(26:0),843.7,1,184.1,1,9.93,0.5,SIL_SM(24:1)_d7_Lipidyzer
SM,SM(26:1),841.7,1,184.1,1,9.63,0.5,SIL_SM(24:1)_d7_Lipidyzer
TAG,SIL_TAG(15:0_18:1_15:0)_d7_SPLASH,829.37,1,570.5,1,11.59,0.5,NA
TAG,SIL_TAG(50:1_FA16:0)_d9_Lipidyzer,859.8,1,586.6,1,12.16,0.5,NA
TAG,SIL_TAG(52:1_FA18:0)_d9_Lipidyzer,887.8,1,586.5,1,12.73,0.5,NA
TAG,SIL_TAG(52:2_FA18:1)_d9_Lipidyzer,885.8,1,586.6,1,12.18,0.5,NA
TAG,SIL_TAG(52:3_FA18:2)_d9_Lipidyzer,883.8,1,586.6,1,11.68,0.5,NA
TAG,SIL_TAG(52:4_FA18:3)_d9_Lipidyzer,881.8,1,586.6,1,11.32,0.5,NA
TAG,SIL_TAG(54:4_FA20:3)_d9_Lipidyzer,909.8,1,586.6,1,11.81,0.5,NA
TAG,SIL_TAG(54:5_FA20:4)_d9_Lipidyzer,907.8,1,586.6,1,11.55,0.5,NA
TAG,SIL_TAG(56:7_FA22:6)_d9_Lipidyzer,931.9,1,586.7,1,11.38,0.5,NA
TAG,TAG(40:0_FA14:0),712.645,1,467.409,1,10.32,0.5,SIL_TAG(50:1_FA16:0)_d9_Lipidyzer
TAG,TAG(40:0_FA16:0),712.645,1,439.378,1,10.33,0.5,SIL_TAG(50:1_FA16:0)_d9_Lipidyzer
TAG,TAG(42:0_FA14:0),740.676,1,495.441,1,10.71,0.5,SIL_TAG(50:1_FA16:0)_d9_Lipidyzer
TAG,TAG(42:0_FA16:0),740.676,1,467.409,1,10.71,0.5,SIL_TAG(50:1_FA16:0)_d9_Lipidyzer
TAG,TAG(42:1_FA14:0),738.661,1,493.425,1,10.34,0.5,SIL_TAG(50:1_FA16:0)_d9_Lipidyzer
TAG,TAG(42:1_FA16:0),738.661,1,465.394,1,10.37,0.5,SIL_TAG(50:1_FA16:0)_d9_Lipidyzer
TAG,TAG(42:1_FA16:1),738.661,1,467.409,1,10.35,0.5,SIL_TAG(52:1_FA18:0)_d9_Lipidyzer
TAG,TAG(42:1_FA18:1),738.661,1,439.378,1,10.36,0.5,SIL_TAG(52:2_FA18:1)_d9_Lipidyzer
TAG,TAG(42:2_FA18:2),736.645,1,439.378,1,10.07,0.5,SIL_TAG(52:3_FA18:2)_d9_Lipidyzer
TAG,TAG(44:0_FA14:0),768.708,1,523.472,1,11.12,0.5,SIL_TAG(50:1_FA16:0)_d9_Lipidyzer
TAG,TAG(44:0_FA16:0),768.708,1,495.441,1,11.12,0.5,SIL_TAG(50:1_FA16:0)_d9_Lipidyzer
TAG,TAG(44:0_FA18:0),768.708,1,467.409,1,11.12,0.5,SIL_TAG(52:1_FA18:0)_d9_Lipidyzer
TAG,TAG(44:1_FA14:0),766.692,1,521.456,1,10.73,0.5,SIL_TAG(50:1_FA16:0)_d9_Lipidyzer
TAG,TAG(44:1_FA16:0),766.692,1,493.425,1,10.74,0.5,SIL_TAG(50:1_FA16:0)_d9_Lipidyzer
TAG,TAG(44:1_FA16:1),766.692,1,495.441,1,10.71,0.5,SIL_TAG(52:1_FA18:0)_d9_Lipidyzer
TAG,TAG(44:1_FA18:1),766.692,1,467.409,1,10.72,0.5,SIL_TAG(52:2_FA18:1)_d9_Lipidyzer
TAG,TAG(44:2_FA14:0),764.676,1,519.441,1,10.41,0.5,SIL_TAG(50:1_FA16:0)_d9_Lipidyzer
TAG,TAG(44:2_FA16:0),764.676,1,491.409,1,10.41,0.5,SIL_TAG(50:1_FA16:0)_d9_Lipidyzer
TAG,TAG(44:2_FA16:1),764.676,1,493.425,1,10.38,0.5,SIL_TAG(52:1_FA18:0)_d9_Lipidyzer
TAG,TAG(44:2_FA18:1),764.676,1,465.394,1,10.38,0.5,SIL_TAG(52:2_FA18:1)_d9_Lipidyzer
TAG,TAG(44:2_FA18:2),764.676,1,467.409,1,10.4,0.5,SIL_TAG(52:3_FA18:2)_d9_Lipidyzer
TAG,TAG(44:3_FA18:2),762.661,1,465.394,1,10.12,0.5,SIL_TAG(52:3_FA18:2)_d9_Lipidyzer
TAG,TAG(45:0_FA14:0),782.723,1,537.488,1,11.38,0.5,SIL_TAG(50:1_FA16:0)_d9_Lipidyzer
TAG,TAG(45:0_FA16:0),782.723,1,509.456,1,11.38,0.5,SIL_TAG(50:1_FA16:0)_d9_Lipidyzer
TAG,TAG(45:1_FA16:0),780.708,1,507.4,1,10.93,0.5,SIL_TAG(50:1_FA16:0)_d9_Lipidyzer
TAG,TAG(45:1_FA18:1),780.708,1,481.4,1,10.91,0.5,SIL_TAG(52:2_FA18:1)_d9_Lipidyzer
TAG,TAG(46:0_FA14:0),796.7,1,551.503,1,11.61,0.5,SIL_TAG(50:1_FA16:0)_d9_Lipidyzer
TAG,TAG(46:0_FA16:0),796.7,1,523.472,1,11.62,0.5,SIL_TAG(50:1_FA16:0)_d9_Lipidyzer
TAG,TAG(46:0_FA18:0),796.7,1,495.441,1,11.63,0.5,SIL_TAG(52:1_FA18:0)_d9_Lipidyzer
TAG,TAG(46:1_FA14:0),794.7,1,549.5,1,11.12,0.5,SIL_TAG(50:1_FA16:0)_d9_Lipidyzer
TAG,TAG(46:1_FA16:0),794.7,1,521.4,1,11.14,0.5,SIL_TAG(50:1_FA16:0)_d9_Lipidyzer
TAG,TAG(46:1_FA16:1),794.7,1,523.472,1,11.14,0.5,SIL_TAG(52:1_FA18:0)_d9_Lipidyzer
TAG,TAG(46:1_FA18:0),794.7,1,493.425,1,11.16,0.5,SIL_TAG(52:1_FA18:0)_d9_Lipidyzer
TAG,TAG(46:1_FA18:1),794.7,1,495.441,1,11.15,0.5,SIL_TAG(52:2_FA18:1)_d9_Lipidyzer
TAG,TAG(46:2_FA14:0),792.7,1,547.5,1,10.76,0.5,SIL_TAG(50:1_FA16:0)_d9_Lipidyzer
TAG,TAG(46:2_FA16:0),792.7,1,519.441,1,10.77,0.5,SIL_TAG(50:1_FA16:0)_d9_Lipidyzer
TAG,TAG(46:2_FA16:1),792.7,1,521.4,1,10.73,0.5,SIL_TAG(52:1_FA18:0)_d9_Lipidyzer
TAG,TAG(46:2_FA18:1),792.7,1,493.425,1,10.74,0.5,SIL_TAG(52:2_FA18:1)_d9_Lipidyzer
TAG,TAG(46:2_FA18:2),792.7,1,495.441,1,10.77,0.5,SIL_TAG(52:3_FA18:2)_d9_Lipidyzer
TAG,TAG(46:3_FA14:0),790.7,1,545.5,1,10.43,0.5,SIL_TAG(50:1_FA16:0)_d9_Lipidyzer
TAG,TAG(46:3_FA16:0),790.7,1,517.4,1,10.49,0.5,SIL_TAG(50:1_FA16:0)_d9_Lipidyzer
TAG,TAG(46:3_FA16:1),790.7,1,519.441,1,10.41,0.5,SIL_TAG(52:1_FA18:0)_d9_Lipidyzer
TAG,TAG(46:3_FA18:1),790.7,1,491.409,1,10.43,0.5,SIL_TAG(52:2_FA18:1)_d9_Lipidyzer
TAG,TAG(46:3_FA18:2),790.7,1,493.425,1,10.43,0.5,SIL_TAG(52:3_FA18:2)_d9_Lipidyzer
TAG,TAG(46:3_FA18:3),790.7,1,495.441,1,10.49,0.5,SIL_TAG(52:4_FA18:3)_d9_Lipidyzer
TAG,TAG(46:4_FA18:2),788.7,1,491.409,1,10.15,0.5,SIL_TAG(52:3_FA18:2)_d9_Lipidyzer
TAG,TAG(47:0_FA14:0),810.7,1,565.5,1,11.9,0.5,SIL_TAG(50:1_FA16:0)_d9_Lipidyzer
TAG,TAG(47:0_FA16:0),810.7,1,537.4,1,11.9,0.5,SIL_TAG(50:1_FA16:0)_d9_Lipidyzer
TAG,TAG(47:0_FA17:0),810.7,1,523.472,1,11.87,0.5,SIL_TAG(52:1_FA18:0)_d9_Lipidyzer
TAG,TAG(47:1_FA14:0),808.7,1,563.5,1,11.38,0.5,SIL_TAG(50:1_FA16:0)_d9_Lipidyzer
TAG,TAG(47:1_FA16:0),808.7,1,535.4,1,11.38,0.5,SIL_TAG(50:1_FA16:0)_d9_Lipidyzer
TAG,TAG(47:1_FA16:1),808.7,1,537.4,1,11.4,0.5,SIL_TAG(52:1_FA18:0)_d9_Lipidyzer
TAG,TAG(47:1_FA17:0),808.7,1,521.4,1,11.38,0.5,SIL_TAG(52:1_FA18:0)_d9_Lipidyzer
TAG,TAG(47:1_FA18:1),808.7,1,509.4,1,11.39,0.5,SIL_TAG(52:2_FA18:1)_d9_Lipidyzer
TAG,TAG(47:2_FA14:0),806.7,1,561.5,1,10.98,0.5,SIL_TAG(50:1_FA16:0)_d9_Lipidyzer
TAG,TAG(47:2_FA16:1),806.7,1,535.4,1,10.97,0.5,SIL_TAG(52:1_FA18:0)_d9_Lipidyzer
TAG,TAG(47:2_FA18:1),806.7,1,507.4,1,10.95,0.5,SIL_TAG(52:2_FA18:1)_d9_Lipidyzer
TAG,TAG(47:2_FA18:2),806.7,1,509.4,1,10.98,0.5,SIL_TAG(52:3_FA18:2)_d9_Lipidyzer
TAG,TAG(48:0_FA14:0),824.7,1,579.5,1,12.19,0.5,SIL_TAG(50:1_FA16:0)_d9_Lipidyzer
TAG,TAG(48:0_FA16:0),824.7,1,551.4,1,12.17,0.5,SIL_TAG(50:1_FA16:0)_d9_Lipidyzer
TAG,TAG(48:0_FA18:0),824.7,1,523.472,1,12.2,0.5,SIL_TAG(52:1_FA18:0)_d9_Lipidyzer
TAG,TAG(48:1_FA14:0),822.7,1,577.5,1,11.62,0.5,SIL_TAG(50:1_FA16:0)_d9_Lipidyzer
TAG,TAG(48:1_FA16:0),822.7,1,549.4,1,11.6,0.5,SIL_TAG(50:1_FA16:0)_d9_Lipidyzer
TAG,TAG(48:1_FA16:1),822.7,1,551.4,1,11.63,0.5,SIL_TAG(52:1_FA18:0)_d9_Lipidyzer
TAG,TAG(48:1_FA18:0),822.7,1,521.4,1,11.63,0.5,SIL_TAG(52:1_FA18:0)_d9_Lipidyzer
TAG,TAG(48:1_FA18:1),822.7,1,523.472,1,11.62,0.5,SIL_TAG(52:2_FA18:1)_d9_Lipidyzer
TAG,TAG(48:2_FA14:0),820.7,1,575.5,1,11.18,0.5,SIL_TAG(50:1_FA16:0)_d9_Lipidyzer
TAG,TAG(48:2_FA16:0),820.7,1,547.4,1,11.18,0.5,SIL_TAG(50:1_FA16:0)_d9_Lipidyzer
TAG,TAG(48:2_FA16:1),820.7,1,549.4,1,11.14,0.5,SIL_TAG(52:1_FA18:0)_d9_Lipidyzer
TAG,TAG(48:2_FA18:0),820.7,1,519.441,1,11.22,0.5,SIL_TAG(52:1_FA18:0)_d9_Lipidyzer
TAG,TAG(48:2_FA18:1),820.7,1,521.4,1,11.16,0.5,SIL_TAG(52:2_FA18:1)_d9_Lipidyzer
TAG,TAG(48:2_FA18:2),820.7,1,523.472,1,11.2,0.5,SIL_TAG(52:3_FA18:2)_d9_Lipidyzer
TAG,TAG(48:3_FA14:0),818.7,1,573.5,1,10.8,0.5,SIL_TAG(50:1_FA16:0)_d9_Lipidyzer
TAG,TAG(48:3_FA16:0),818.7,1,545.4,1,10.8,0.5,SIL_TAG(50:1_FA16:0)_d9_Lipidyzer
TAG,TAG(48:3_FA16:1),818.7,1,547.4,1,10.78,0.5,SIL_TAG(52:1_FA18:0)_d9_Lipidyzer
TAG,TAG(48:3_FA18:1),818.7,1,519.441,1,10.78,0.5,SIL_TAG(52:2_FA18:1)_d9_Lipidyzer
TAG,TAG(48:3_FA18:2),818.7,1,521.4,1,10.8,0.5,SIL_TAG(52:3_FA18:2)_d9_Lipidyzer
TAG,TAG(48:3_FA18:3),818.7,1,523.472,1,10.88,0.5,SIL_TAG(52:4_FA18:3)_d9_Lipidyzer
TAG,TAG(48:4_FA14:0),816.7,1,571.5,1,10.5,0.5,SIL_TAG(50:1_FA16:0)_d9_Lipidyzer
TAG,TAG(48:4_FA16:0),816.7,1,543.4,1,10.52,0.5,SIL_TAG(50:1_FA16:0)_d9_Lipidyzer
TAG,TAG(48:4_FA16:1),816.7,1,545.4,1,10.49,0.5,SIL_TAG(52:1_FA18:0)_d9_Lipidyzer
TAG,TAG(48:4_FA18:1),816.7,1,517.4,1,10.49,0.5,SIL_TAG(52:2_FA18:1)_d9_Lipidyzer
TAG,TAG(48:4_FA18:2),816.7,1,519.441,1,10.47,0.5,SIL_TAG(52:3_FA18:2)_d9_Lipidyzer
TAG,TAG(48:4_FA18:3),816.7,1,521.4,1,10.49,0.5,SIL_TAG(52:4_FA18:3)_d9_Lipidyzer
TAG,TAG(48:4_FA20:4),816.7,1,495.441,1,10.67,0.5,SIL_TAG(54:5_FA20:4)_d9_Lipidyzer
TAG,TAG(48:5_FA18:2),814.7,1,517.4,1,10.22,0.5,SIL_TAG(52:3_FA18:2)_d9_Lipidyzer
TAG,TAG(48:5_FA18:3),814.7,1,519.441,1,10.22,0.5,SIL_TAG(52:4_FA18:3)_d9_Lipidyzer
TAG,TAG(49:0_FA16:0),838.8,1,565.5,1,12.53,0.5,SIL_TAG(50:1_FA16:0)_d9_Lipidyzer
TAG,TAG(49:0_FA17:0),838.8,1,551.503,1,12.54,0.5,SIL_TAG(52:1_FA18:0)_d9_Lipidyzer
TAG,TAG(49:0_FA18:0),838.8,1,537.5,1,12.56,0.5,SIL_TAG(52:1_FA18:0)_d9_Lipidyzer
TAG,TAG(49:1_FA14:0),836.8,1,591.6,1,11.9,0.5,SIL_TAG(50:1_FA16:0)_d9_Lipidyzer
TAG,TAG(49:1_FA16:0),836.8,1,563.5,1,11.91,0.5,SIL_TAG(50:1_FA16:0)_d9_Lipidyzer
TAG,TAG(49:1_FA16:1),836.8,1,565.5,1,11.92,0.5,SIL_TAG(52:1_FA18:0)_d9_Lipidyzer
TAG,TAG(49:1_FA17:0),836.8,1,549.5,1,11.9,0.5,SIL_TAG(52:1_FA18:0)_d9_Lipidyzer
TAG,TAG(49:1_FA18:1),836.8,1,537.5,1,11.91,0.5,SIL_TAG(52:2_FA18:1)_d9_Lipidyzer
TAG,TAG(49:2_FA14:0),834.8,1,589.6,1,11.4,0.5,SIL_TAG(50:1_FA16:0)_d9_Lipidyzer
TAG,TAG(49:2_FA16:0),834.8,1,561.5,1,11.45,0.5,SIL_TAG(50:1_FA16:0)_d9_Lipidyzer
TAG,TAG(49:2_FA16:1),834.8,1,563.5,1,11.38,0.5,SIL_TAG(50:1_FA16:0)_d9_Lipidyzer
TAG,TAG(49:2_FA17:0),834.8,1,547.5,1,11.45,0.5,SIL_TAG(52:1_FA18:0)_d9_Lipidyzer
TAG,TAG(49:2_FA18:1),834.8,1,535.5,1,11.38,0.5,SIL_TAG(52:2_FA18:1)_d9_Lipidyzer
TAG,TAG(49:2_FA18:2),834.8,1,537.5,1,11.45,0.5,SIL_TAG(52:3_FA18:2)_d9_Lipidyzer
TAG,TAG(49:3_FA16:0),832.8,1,559.5,1,10.99,0.5,SIL_TAG(50:1_FA16:0)_d9_Lipidyzer
TAG,TAG(49:3_FA16:1),832.8,1,561.5,1,10.99,0.5,SIL_TAG(52:1_FA18:0)_d9_Lipidyzer
TAG,TAG(49:3_FA18:2),832.8,1,535.5,1,11.01,0.5,SIL_TAG(52:3_FA18:2)_d9_Lipidyzer
TAG,TAG(49:3_FA18:3),832.8,1,537.5,1,11.07,0.5,SIL_TAG(52:4_FA18:3)_d9_Lipidyzer
TAG,TAG(50:0_FA14:0),852.8,1,607.6,1,12.77,0.5,SIL_TAG(50:1_FA16:0)_d9_Lipidyzer
TAG,TAG(50:0_FA16:0),852.8,1,579.5,1,12.77,0.5,SIL_TAG(50:1_FA16:0)_d9_Lipidyzer
TAG,TAG(50:0_FA18:0),852.8,1,551.503,1,12.78,0.5,SIL_TAG(52:1_FA18:0)_d9_Lipidyzer
TAG,TAG(50:1_FA14:0),850.8,1,605.6,1,12.23,0.5,SIL_TAG(50:1_FA16:0)_d9_Lipidyzer
TAG,TAG(50:1_FA16:0),850.8,1,577.5,1,12.12,0.5,SIL_TAG(50:1_FA16:0)_d9_Lipidyzer
TAG,TAG(50:1_FA16:1),850.8,1,579.5,1,12.23,0.5,SIL_TAG(52:1_FA18:0)_d9_Lipidyzer
TAG,TAG(50:1_FA18:0),850.8,1,549.5,1,12.22,0.5,SIL_TAG(52:1_FA18:0)_d9_Lipidyzer
TAG,TAG(50:1_FA18:1),850.8,1,551.503,1,12.2,0.5,SIL_TAG(52:2_FA18:1)_d9_Lipidyzer
TAG,TAG(50:1_FA20:1),850.8,1,523.472,1,12.17,0.5,SIL_TAG(54:4_FA20:3)_d9_Lipidyzer
TAG,TAG(50:2_FA14:0),848.8,1,603.6,1,11.64,0.5,SIL_TAG(50:1_FA16:0)_d9_Lipidyzer
TAG,TAG(50:2_FA16:0),848.8,1,575.5,1,11.73,0.5,SIL_TAG(50:1_FA16:0)_d9_Lipidyzer
TAG,TAG(50:2_FA16:1),848.8,1,577.5,1,11.63,0.5,SIL_TAG(52:1_FA18:0)_d9_Lipidyzer
TAG,TAG(50:2_FA18:0),848.8,1,547.5,1,11.71,0.5,SIL_TAG(52:1_FA18:0)_d9_Lipidyzer
TAG,TAG(50:2_FA18:1),848.8,1,549.5,1,11.66,0.5,SIL_TAG(52:2_FA18:1)_d9_Lipidyzer
TAG,TAG(50:2_FA18:2),848.8,1,551.503,1,11.7,0.5,SIL_TAG(52:3_FA18:2)_d9_Lipidyzer
TAG,TAG(50:2_FA20:2),848.8,1,523.472,1,11.65,0.5,SIL_TAG(54:4_FA20:3)_d9_Lipidyzer
TAG,TAG(50:3_FA14:0),846.8,1,601.6,1,11.21,0.5,SIL_TAG(50:1_FA16:0)_d9_Lipidyzer
TAG,TAG(50:3_FA16:0),846.8,1,573.5,1,11.21,0.5,SIL_TAG(50:1_FA16:0)_d9_Lipidyzer
TAG,TAG(50:3_FA16:1),846.8,1,575.5,1,11.21,0.5,SIL_TAG(52:1_FA18:0)_d9_Lipidyzer
TAG,TAG(50:3_FA18:0),846.8,1,545.5,1,11.25,0.5,SIL_TAG(52:1_FA18:0)_d9_Lipidyzer
TAG,TAG(50:3_FA18:1),846.8,1,547.5,1,11.2,0.5,SIL_TAG(52:2_FA18:1)_d9_Lipidyzer
TAG,TAG(50:3_FA18:2),846.8,1,549.5,1,11.24,0.5,SIL_TAG(52:3_FA18:2)_d9_Lipidyzer
TAG,TAG(50:3_FA18:3),846.8,1,551.503,1,11.34,0.5,SIL_TAG(52:4_FA18:3)_d9_Lipidyzer
TAG,TAG(50:3_FA20:3),846.8,1,523.472,1,11.31,0.5,SIL_TAG(54:4_FA20:3)_d9_Lipidyzer
TAG,TAG(50:4_FA14:0),844.6,1,599.4,1,10.86,0.5,SIL_TAG(50:1_FA16:0)_d9_Lipidyzer
TAG,TAG(50:4_FA16:0),844.6,1,571.3,1,10.91,0.5,SIL_TAG(50:1_FA16:0)_d9_Lipidyzer
TAG,TAG(50:4_FA16:1),844.6,1,573.3,1,10.81,0.5,SIL_TAG(52:1_FA18:0)_d9_Lipidyzer
TAG,TAG(50:4_FA18:1),844.6,1,545.3,1,10.87,0.5,SIL_TAG(52:2_FA18:1)_d9_Lipidyzer
TAG,TAG(50:4_FA18:2),844.6,1,547.3,1,10.84,0.5,SIL_TAG(52:3_FA18:2)_d9_Lipidyzer
TAG,TAG(50:4_FA18:3),844.6,1,549.3,1,10.88,0.5,SIL_TAG(52:4_FA18:3)_d9_Lipidyzer
TAG,TAG(50:4_FA20:3),844.6,1,521.3,1,10.89,0.5,SIL_TAG(54:4_FA20:3)_d9_Lipidyzer
TAG,TAG(50:4_FA20:4),844.6,1,523.3,1,11.11,0.5,SIL_TAG(54:5_FA20:4)_d9_Lipidyzer
TAG,TAG(50:5_FA14:0),842.6,1,597.4,1,10.55,0.5,SIL_TAG(50:1_FA16:0)_d9_Lipidyzer
TAG,TAG(50:5_FA16:0),842.6,1,569.3,1,10.67,0.5,SIL_TAG(50:1_FA16:0)_d9_Lipidyzer
TAG,TAG(50:5_FA16:1),842.6,1,571.3,1,10.54,0.5,SIL_TAG(52:1_FA18:0)_d9_Lipidyzer
TAG,TAG(50:5_FA18:1),842.6,1,543.3,1,10.54,0.5,SIL_TAG(52:2_FA18:1)_d9_Lipidyzer
TAG,TAG(50:5_FA18:2),842.6,1,545.3,1,10.56,0.5,SIL_TAG(52:3_FA18:2)_d9_Lipidyzer
TAG,TAG(50:5_FA18:3),842.6,1,547.3,1,10.56,0.5,SIL_TAG(52:4_FA18:3)_d9_Lipidyzer
TAG,TAG(50:5_FA20:4),842.6,1,521.3,1,10.7,0.5,SIL_TAG(54:5_FA20:4)_d9_Lipidyzer
TAG,TAG(50:5_FA20:5),842.6,1,523.3,1,10.78,0.5,SIL_TAG(54:5_FA20:4)_d9_Lipidyzer
TAG,TAG(50:6_FA20:4),840.7,1,519.441,1,10.38,0.5,SIL_TAG(54:5_FA20:4)_d9_Lipidyzer
TAG,TAG(51:0_FA16:0),866.8,1,593.5,1,12.52,0.5,SIL_TAG(50:1_FA16:0)_d9_Lipidyzer
TAG,TAG(51:0_FA17:0),866.8,1,579.5,1,12.55,0.5,SIL_TAG(52:1_FA18:0)_d9_Lipidyzer
TAG,TAG(51:0_FA18:0),866.8,1,565.5,1,12.53,0.5,SIL_TAG(52:1_FA18:0)_d9_Lipidyzer
TAG,TAG(51:1_FA16:0),864.8,1,591.5,1,12.55,0.5,SIL_TAG(50:1_FA16:0)_d9_Lipidyzer
TAG,TAG(51:1_FA17:0),864.8,1,577.5,1,12.54,0.5,SIL_TAG(52:1_FA18:0)_d9_Lipidyzer
TAG,TAG(51:1_FA18:0),864.8,1,563.5,1,12.55,0.5,SIL_TAG(52:1_FA18:0)_d9_Lipidyzer
TAG,TAG(51:1_FA18:1),864.8,1,565.5,1,12.55,0.5,SIL_TAG(52:2_FA18:1)_d9_Lipidyzer
TAG,TAG(51:2_FA16:0),862.8,1,589.5,1,11.9,0.5,SIL_TAG(50:1_FA16:0)_d9_Lipidyzer
TAG,TAG(51:2_FA16:1),862.8,1,591.5,1,11.9,0.5,SIL_TAG(52:1_FA18:0)_d9_Lipidyzer
TAG,TAG(51:2_FA17:0),862.8,1,575.5,1,11.97,0.5,SIL_TAG(52:1_FA18:0)_d9_Lipidyzer
TAG,TAG(51:2_FA18:1),862.8,1,563.5,1,11.9,0.5,SIL_TAG(52:2_FA18:1)_d9_Lipidyzer
TAG,TAG(51:2_FA18:2),862.8,1,565.5,1,12,0.5,SIL_TAG(52:3_FA18:2)_d9_Lipidyzer
TAG,TAG(51:3_FA16:1),860.8,1,589.5,1,11.44,0.5,SIL_TAG(52:1_FA18:0)_d9_Lipidyzer
TAG,TAG(51:3_FA17:0),860.8,1,573.5,1,11.46,0.5,SIL_TAG(52:1_FA18:0)_d9_Lipidyzer
TAG,TAG(51:3_FA18:2),860.8,1,563.5,1,11.46,0.5,SIL_TAG(52:3_FA18:2)_d9_Lipidyzer
TAG,TAG(51:3_FA18:3),860.8,1,565.5,1,11.54,0.5,SIL_TAG(52:4_FA18:3)_d9_Lipidyzer
TAG,TAG(51:4_FA16:1),858.8,1,587.5,1,11.02,0.5,SIL_TAG(52:1_FA18:0)_d9_Lipidyzer
TAG,TAG(51:4_FA18:2),858.8,1,561.5,1,11.07,0.5,SIL_TAG(52:3_FA18:2)_d9_Lipidyzer
TAG,TAG(51:4_FA18:3),858.8,1,563.5,1,11.08,0.5,SIL_TAG(52:4_FA18:3)_d9_Lipidyzer
TAG,TAG(51:4_FA20:4),858.8,1,537.5,1,11.34,0.5,SIL_TAG(54:5_FA20:4)_d9_Lipidyzer
TAG,TAG(51:5_FA18:2),856.8,1,559.5,1,10.75,0.5,SIL_TAG(52:3_FA18:2)_d9_Lipidyzer
TAG,TAG(51:5_FA18:3),856.8,1,561.5,1,10.76,0.5,SIL_TAG(52:4_FA18:3)_d9_Lipidyzer
TAG,TAG(52:0_FA16:0),880.8,1,607.5,1,12.77,0.5,SIL_TAG(50:1_FA16:0)_d9_Lipidyzer
TAG,TAG(52:0_FA18:0),880.8,1,579.5,1,12.78,0.5,SIL_TAG(52:1_FA18:0)_d9_Lipidyzer
TAG,TAG(52:0_FA20:0),880.8,1,551.503,1,12.82,0.5,SIL_TAG(54:4_FA20:3)_d9_Lipidyzer
TAG,TAG(52:1_FA16:0),878.8,1,605.5,1,12.77,0.5,SIL_TAG(50:1_FA16:0)_d9_Lipidyzer
TAG,TAG(52:1_FA16:1),878.8,1,607.5,1,12.78,0.5,SIL_TAG(52:1_FA18:0)_d9_Lipidyzer
TAG,TAG(52:1_FA18:0),878.8,1,577.5,1,12.79,0.5,SIL_TAG(52:1_FA18:0)_d9_Lipidyzer
TAG,TAG(52:1_FA18:1),878.8,1,579.5,1,12.79,0.5,SIL_TAG(52:2_FA18:1)_d9_Lipidyzer
TAG,TAG(52:1_FA20:0),878.8,1,549.5,1,12.78,0.5,SIL_TAG(54:4_FA20:3)_d9_Lipidyzer
TAG,TAG(52:1_FA20:1),878.8,1,551.503,1,12.75,0.5,SIL_TAG(54:4_FA20:3)_d9_Lipidyzer
TAG,TAG(52:2_FA14:0),876.8,1,631.6,1,12.18,0.5,SIL_TAG(50:1_FA16:0)_d9_Lipidyzer
TAG,TAG(52:2_FA16:0),876.8,1,603.5,1,12.31,0.5,SIL_TAG(50:1_FA16:0)_d9_Lipidyzer
TAG,TAG(52:2_FA16:1),876.8,1,605.5,1,12.22,0.5,SIL_TAG(52:1_FA18:0)_d9_Lipidyzer
TAG,TAG(52:2_FA18:0),876.8,1,575.5,1,12.3,0.5,SIL_TAG(52:1_FA18:0)_d9_Lipidyzer
TAG,TAG(52:2_FA18:1),876.8,1,577.5,1,12.33,0.5,SIL_TAG(52:2_FA18:1)_d9_Lipidyzer
TAG,TAG(52:2_FA18:2),876.8,1,579.5,1,12.32,0.5,SIL_TAG(52:3_FA18:2)_d9_Lipidyzer
TAG,TAG(52:2_FA20:0),876.8,1,547.5,1,12.28,0.5,SIL_TAG(54:4_FA20:3)_d9_Lipidyzer
TAG,TAG(52:2_FA20:1),876.8,1,549.5,1,12.15,0.5,SIL_TAG(54:4_FA20:3)_d9_Lipidyzer
TAG,TAG(52:2_FA20:2),876.8,1,551.503,1,12.28,0.5,SIL_TAG(54:4_FA20:3)_d9_Lipidyzer
TAG,TAG(52:3_FA14:0),874.8,1,629.6,1,11.67,0.5,SIL_TAG(50:1_FA16:0)_d9_Lipidyzer
TAG,TAG(52:3_FA16:0),874.8,1,601.5,1,11.81,0.5,SIL_TAG(50:1_FA16:0)_d9_Lipidyzer
TAG,TAG(52:3_FA16:1),874.8,1,603.5,1,11.64,0.5,SIL_TAG(52:1_FA18:0)_d9_Lipidyzer
TAG,TAG(52:3_FA18:0),874.8,1,573.5,1,11.84,0.5,SIL_TAG(52:1_FA18:0)_d9_Lipidyzer
TAG,TAG(52:3_FA18:1),874.8,1,575.5,1,11.79,0.5,SIL_TAG(52:2_FA18:1)_d9_Lipidyzer
TAG,TAG(52:3_FA18:2),874.8,1,577.5,1,11.79,0.5,SIL_TAG(52:3_FA18:2)_d9_Lipidyzer
TAG,TAG(52:3_FA18:3),874.8,1,579.5,1,11.84,0.5,SIL_TAG(52:4_FA18:3)_d9_Lipidyzer
TAG,TAG(52:3_FA20:0),874.8,1,545.5,1,11.74,0.5,SIL_TAG(54:4_FA20:3)_d9_Lipidyzer
TAG,TAG(52:3_FA20:1),874.8,1,547.5,1,11.67,0.5,SIL_TAG(54:4_FA20:3)_d9_Lipidyzer
TAG,TAG(52:3_FA20:2),874.8,1,549.5,1,11.64,0.5,SIL_TAG(54:4_FA20:3)_d9_Lipidyzer
TAG,TAG(52:3_FA20:3),874.8,1,551.503,1,11.83,0.5,SIL_TAG(54:4_FA20:3)_d9_Lipidyzer
TAG,TAG(52:4_FA14:0),872.8,1,627.6,1,11.34,0.5,SIL_TAG(50:1_FA16:0)_d9_Lipidyzer
TAG,TAG(52:4_FA16:0),872.8,1,599.5,1,11.34,0.5,SIL_TAG(50:1_FA16:0)_d9_Lipidyzer
TAG,TAG(52:4_FA16:1),872.8,1,601.5,1,11.23,0.5,SIL_TAG(52:1_FA18:0)_d9_Lipidyzer
TAG,TAG(52:4_FA18:0),872.8,1,571.5,1,11.36,0.5,SIL_TAG(52:1_FA18:0)_d9_Lipidyzer
TAG,TAG(52:4_FA18:1),872.8,1,573.5,1,11.23,0.5,SIL_TAG(52:2_FA18:1)_d9_Lipidyzer
TAG,TAG(52:4_FA18:2),872.8,1,575.5,1,11.2,0.5,SIL_TAG(52:3_FA18:2)_d9_Lipidyzer
TAG,TAG(52:4_FA18:3),872.8,1,577.5,1,11.33,0.5,SIL_TAG(52:4_FA18:3)_d9_Lipidyzer
TAG,TAG(52:4_FA20:0),872.8,1,543.5,1,11.3,0.5,SIL_TAG(54:4_FA20:3)_d9_Lipidyzer
TAG,TAG(52:4_FA20:2),872.8,1,547.5,1,11.27,0.5,SIL_TAG(54:4_FA20:3)_d9_Lipidyzer
TAG,TAG(52:4_FA20:3),872.8,1,549.5,1,11.32,0.5,SIL_TAG(54:4_FA20:3)_d9_Lipidyzer
TAG,TAG(52:4_FA20:4),872.8,1,551.503,1,11.55,0.5,SIL_TAG(54:5_FA20:4)_d9_Lipidyzer
TAG,TAG(52:4_FA22:4),872.8,1,523.472,1,11.44,0.5,SIL_TAG(56:7_FA22:6)_d9_Lipidyzer
TAG,TAG(52:5_FA14:0),870.8,1,625.6,1,11.1,0.5,SIL_TAG(50:1_FA16:0)_d9_Lipidyzer
TAG,TAG(52:5_FA16:0),870.8,1,597.5,1,10.96,0.5,SIL_TAG(50:1_FA16:0)_d9_Lipidyzer
TAG,TAG(52:5_FA16:1),870.8,1,599.5,1,10.87,0.5,SIL_TAG(52:1_FA18:0)_d9_Lipidyzer
TAG,TAG(52:5_FA18:1),870.8,1,571.5,1,10.91,0.5,SIL_TAG(52:2_FA18:1)_d9_Lipidyzer
TAG,TAG(52:5_FA18:2),870.8,1,573.5,1,10.87,0.5,SIL_TAG(52:3_FA18:2)_d9_Lipidyzer
TAG,TAG(52:5_FA18:3),870.8,1,575.5,1,10.97,0.5,SIL_TAG(52:4_FA18:3)_d9_Lipidyzer
TAG,TAG(52:5_FA20:3),870.8,1,547.5,1,10.95,0.5,SIL_TAG(54:4_FA20:3)_d9_Lipidyzer
TAG,TAG(52:5_FA20:4),870.8,1,549.5,1,11.11,0.5,SIL_TAG(54:4_FA20:3)_d9_Lipidyzer
TAG,TAG(52:5_FA20:5),870.8,1,551.503,1,11.23,0.5,SIL_TAG(54:4_FA20:3)_d9_Lipidyzer
TAG,TAG(52:5_FA22:5),870.8,1,523.472,1,10.97,0.5,SIL_TAG(56:7_FA22:6)_d9_Lipidyzer
TAG,TAG(52:6_FA14:0),868.8,1,623.6,1,10.75,0.5,SIL_TAG(50:1_FA16:0)_d9_Lipidyzer
TAG,TAG(52:6_FA16:0),868.8,1,595.5,1,10.7,0.5,SIL_TAG(50:1_FA16:0)_d9_Lipidyzer
TAG,TAG(52:6_FA16:1),868.8,1,597.5,1,10.59,0.5,SIL_TAG(52:1_FA18:0)_d9_Lipidyzer
TAG,TAG(52:6_FA18:1),868.8,1,569.5,1,10.64,0.5,SIL_TAG(52:2_FA18:1)_d9_Lipidyzer
TAG,TAG(52:6_FA18:2),868.8,1,571.5,1,10.59,0.5,SIL_TAG(52:3_FA18:2)_d9_Lipidyzer
TAG,TAG(52:6_FA18:3),868.8,1,573.5,1,10.65,0.5,SIL_TAG(52:4_FA18:3)_d9_Lipidyzer
TAG,TAG(52:6_FA20:4),868.8,1,547.5,1,10.75,0.5,SIL_TAG(54:4_FA20:3)_d9_Lipidyzer
TAG,TAG(52:6_FA20:5),868.8,1,549.5,1,10.8,0.5,SIL_TAG(54:4_FA20:3)_d9_Lipidyzer
TAG,TAG(52:6_FA22:6),868.8,1,523.472,1,10.94,0.5,SIL_TAG(56:7_FA22:6)_d9_Lipidyzer
TAG,TAG(52:7_FA16:0),866.7,1,593.4,1,10.45,0.5,SIL_TAG(50:1_FA16:0)_d9_Lipidyzer
TAG,TAG(52:7_FA18:1),866.7,1,567.4,1,10.49,0.5,SIL_TAG(52:1_FA18:0)_d9_Lipidyzer
TAG,TAG(52:7_FA20:5),866.7,1,547.4,1,10.47,0.5,SIL_TAG(54:4_FA20:3)_d9_Lipidyzer
TAG,TAG(52:7_FA22:6),866.7,1,521.4,1,10.55,0.5,SIL_TAG(56:7_FA22:6)_d9_Lipidyzer
TAG,TAG(52:8_FA16:1),864.8,1,593.5,1,10.29,0.5,SIL_TAG(52:1_FA18:0)_d9_Lipidyzer
TAG,TAG(52:8_FA18:2),864.8,1,567.5,1,10.22,0.5,SIL_TAG(52:3_FA18:2)_d9_Lipidyzer
TAG,TAG(53:0_FA16:0),894.8,1,621.5,1,12.89,0.5,SIL_TAG(50:1_FA16:0)_d9_Lipidyzer
TAG,TAG(53:1_FA16:0),892.8,1,619.5,1,12.89,0.5,SIL_TAG(50:1_FA16:0)_d9_Lipidyzer
TAG,TAG(53:1_FA17:0),892.8,1,605.5,1,12.89,0.5,SIL_TAG(52:1_FA18:0)_d9_Lipidyzer
TAG,TAG(53:1_FA18:0),892.8,1,591.5,1,12.89,0.5,SIL_TAG(52:1_FA18:0)_d9_Lipidyzer
TAG,TAG(53:1_FA18:1),892.8,1,593.5,1,12.54,0.5,SIL_TAG(52:2_FA18:1)_d9_Lipidyzer
TAG,TAG(53:2_FA16:0),890.8,1,617.5,1,12.52,0.5,SIL_TAG(50:1_FA16:0)_d9_Lipidyzer
TAG,TAG(53:2_FA17:0),890.8,1,603.5,1,12.56,0.5,SIL_TAG(52:1_FA18:0)_d9_Lipidyzer
TAG,TAG(53:2_FA18:1),890.8,1,591.5,1,12.54,0.5,SIL_TAG(52:2_FA18:1)_d9_Lipidyzer
TAG,TAG(53:2_FA18:2),890.8,1,593.5,1,12.63,0.5,SIL_TAG(52:3_FA18:2)_d9_Lipidyzer
TAG,TAG(53:3_FA16:0),888.8,1,615.5,1,11.99,0.5,SIL_TAG(50:1_FA16:0)_d9_Lipidyzer
TAG,TAG(53:3_FA17:0),888.8,1,601.5,1,12,0.5,SIL_TAG(52:1_FA18:0)_d9_Lipidyzer
TAG,TAG(53:3_FA18:2),888.8,1,591.5,1,11.99,0.5,SIL_TAG(52:3_FA18:2)_d9_Lipidyzer
TAG,TAG(53:4_FA16:0),886.8,1,613.5,1,11.55,0.5,SIL_TAG(50:1_FA16:0)_d9_Lipidyzer
TAG,TAG(53:4_FA17:0),886.8,1,599.5,1,11.55,0.5,SIL_TAG(52:1_FA18:0)_d9_Lipidyzer
TAG,TAG(53:4_FA18:2),886.8,1,589.5,1,11.49,0.5,SIL_TAG(52:3_FA18:2)_d9_Lipidyzer
TAG,TAG(53:4_FA18:3),886.8,1,591.5,1,11.57,0.5,SIL_TAG(52:4_FA18:3)_d9_Lipidyzer
TAG,TAG(53:4_FA20:4),886.8,1,565.5,1,11.36,0.5,SIL_TAG(54:4_FA20:3)_d9_Lipidyzer
TAG,TAG(53:5_FA20:4),884.8,1,563.5,1,11.35,0.5,SIL_TAG(54:4_FA20:3)_d9_Lipidyzer
TAG,TAG(53:6_FA20:4),882.8,1,561.5,1,10.96,0.5,SIL_TAG(54:4_FA20:3)_d9_Lipidyzer
TAG,TAG(54:0_FA16:0),908.8,1,635.5,1,12.98,0.5,SIL_TAG(50:1_FA16:0)_d9_Lipidyzer
TAG,TAG(54:0_FA18:0),908.8,1,607.5,1,12.98,0.5,SIL_TAG(52:1_FA18:0)_d9_Lipidyzer
TAG,TAG(54:1_FA16:0),906.8,1,633.5,1,12.75,0.5,SIL_TAG(50:1_FA16:0)_d9_Lipidyzer
TAG,TAG(54:1_FA18:0),906.8,1,605.5,1,12.97,0.5,SIL_TAG(52:1_FA18:0)_d9_Lipidyzer
TAG,TAG(54:1_FA18:1),906.8,1,607.5,1,12.77,0.5,SIL_TAG(52:2_FA18:1)_d9_Lipidyzer
TAG,TAG(54:1_FA20:0),906.8,1,577.5,1,12.82,0.5,SIL_TAG(54:4_FA20:3)_d9_Lipidyzer
TAG,TAG(54:1_FA20:1),906.8,1,579.5,1,12.77,0.5,SIL_TAG(54:4_FA20:3)_d9_Lipidyzer
TAG,TAG(54:2_FA16:0),904.8,1,631.5,1,12.76,0.5,SIL_TAG(50:1_FA16:0)_d9_Lipidyzer
TAG,TAG(54:2_FA18:0),904.8,1,603.5,1,12.78,0.5,SIL_TAG(52:1_FA18:0)_d9_Lipidyzer
TAG,TAG(54:2_FA18:1),904.8,1,605.5,1,12.74,0.5,SIL_TAG(52:2_FA18:1)_d9_Lipidyzer
TAG,TAG(54:2_FA18:2),904.8,1,607.5,1,12.82,0.5,SIL_TAG(52:3_FA18:2)_d9_Lipidyzer
TAG,TAG(54:2_FA20:0),904.8,1,575.5,1,12.83,0.5,SIL_TAG(54:4_FA20:3)_d9_Lipidyzer
TAG,TAG(54:2_FA20:1),904.8,1,577.5,1,12.75,0.5,SIL_TAG(54:4_FA20:3)_d9_Lipidyzer
TAG,TAG(54:2_FA20:2),904.8,1,579.5,1,12.79,0.5,SIL_TAG(54:4_FA20:3)_d9_Lipidyzer
TAG,TAG(54:3_FA16:0),902.8,1,629.5,1,12.28,0.5,SIL_TAG(50:1_FA16:0)_d9_Lipidyzer
TAG,TAG(54:3_FA16:1),902.8,1,631.5,1,12.24,0.5,SIL_TAG(52:1_FA18:0)_d9_Lipidyzer
TAG,TAG(54:3_FA18:0),902.8,1,601.5,1,12.33,0.5,SIL_TAG(52:1_FA18:0)_d9_Lipidyzer
TAG,TAG(54:3_FA18:1),902.8,1,603.5,1,12.32,0.5,SIL_TAG(52:2_FA18:1)_d9_Lipidyzer
TAG,TAG(54:3_FA18:2),902.8,1,605.5,1,12.33,0.5,SIL_TAG(52:3_FA18:2)_d9_Lipidyzer
TAG,TAG(54:3_FA18:3),902.8,1,607.5,1,12.44,0.5,SIL_TAG(52:4_FA18:3)_d9_Lipidyzer
TAG,TAG(54:3_FA20:1),902.8,1,575.5,1,12.27,0.5,SIL_TAG(54:4_FA20:3)_d9_Lipidyzer
TAG,TAG(54:3_FA20:2),902.8,1,577.5,1,12.28,0.5,SIL_TAG(54:4_FA20:3)_d9_Lipidyzer
TAG,TAG(54:3_FA20:3),902.8,1,579.5,1,11.84,0.5,SIL_TAG(54:4_FA20:3)_d9_Lipidyzer
TAG,TAG(54:4_FA16:0),900.8,1,627.5,1,11.83,0.5,SIL_TAG(50:1_FA16:0)_d9_Lipidyzer
TAG,TAG(54:4_FA16:1),900.8,1,629.5,1,11.73,0.5,SIL_TAG(52:1_FA18:0)_d9_Lipidyzer
TAG,TAG(54:4_FA18:0),900.8,1,599.5,1,11.82,0.5,SIL_TAG(52:1_FA18:0)_d9_Lipidyzer
TAG,TAG(54:4_FA18:1),900.8,1,601.5,1,11.79,0.5,SIL_TAG(52:2_FA18:1)_d9_Lipidyzer
TAG,TAG(54:4_FA18:2),900.8,1,603.5,1,11.76,0.5,SIL_TAG(52:3_FA18:2)_d9_Lipidyzer
TAG,TAG(54:4_FA18:3),900.8,1,605.5,1,11.84,0.5,SIL_TAG(52:4_FA18:3)_d9_Lipidyzer
TAG,TAG(54:4_FA20:1),900.8,1,573.5,1,11.77,0.5,SIL_TAG(54:4_FA20:3)_d9_Lipidyzer
TAG,TAG(54:4_FA20:2),900.8,1,575.5,1,11.77,0.5,SIL_TAG(54:4_FA20:3)_d9_Lipidyzer
TAG,TAG(54:4_FA20:3),900.8,1,577.5,1,11.83,0.5,SIL_TAG(54:4_FA20:3)_d9_Lipidyzer
TAG,TAG(54:4_FA20:4),900.8,1,579.5,1,11.59,0.5,SIL_TAG(54:5_FA20:4)_d9_Lipidyzer
TAG,TAG(54:4_FA22:4),900.8,1,551.503,1,11.96,0.5,SIL_TAG(56:7_FA22:6)_d9_Lipidyzer
TAG,TAG(54:5_FA16:0),898.8,1,625.5,1,11.56,0.5,SIL_TAG(50:1_FA16:0)_d9_Lipidyzer
TAG,TAG(54:5_FA16:1),898.8,1,627.5,1,11.36,0.5,SIL_TAG(52:1_FA18:0)_d9_Lipidyzer
TAG,TAG(54:5_FA18:0),898.8,1,597.5,1,11.4,0.5,SIL_TAG(52:1_FA18:0)_d9_Lipidyzer
TAG,TAG(54:5_FA18:1),898.8,1,599.5,1,11.33,0.5,SIL_TAG(52:2_FA18:1)_d9_Lipidyzer
TAG,TAG(54:5_FA18:2),898.8,1,601.5,1,11.25,0.5,SIL_TAG(52:3_FA18:2)_d9_Lipidyzer
TAG,TAG(54:5_FA18:3),898.8,1,603.5,1,11.36,0.5,SIL_TAG(52:4_FA18:3)_d9_Lipidyzer
TAG,TAG(54:5_FA20:2),898.8,1,573.5,1,11.36,0.5,SIL_TAG(54:4_FA20:3)_d9_Lipidyzer
TAG,TAG(54:5_FA20:3),898.8,1,575.5,1,11.4,0.5,SIL_TAG(54:4_FA20:3)_d9_Lipidyzer
TAG,TAG(54:5_FA20:4),898.8,1,577.5,1,11.56,0.5,SIL_TAG(54:5_FA20:4)_d9_Lipidyzer
TAG,TAG(54:5_FA20:5),898.8,1,579.5,1,11.23,0.5,SIL_TAG(54:5_FA20:4)_d9_Lipidyzer
TAG,TAG(54:5_FA22:4),898.8,1,549.5,1,11.45,0.5,SIL_TAG(56:7_FA22:6)_d9_Lipidyzer
TAG,TAG(54:5_FA22:5),898.8,1,551.503,1,11.56,0.5,SIL_TAG(56:7_FA22:6)_d9_Lipidyzer
TAG,TAG(54:6_FA16:0),896.8,1,623.5,1,11.16,0.5,SIL_TAG(50:1_FA16:0)_d9_Lipidyzer
TAG,TAG(54:6_FA16:1),896.8,1,625.5,1,11.11,0.5,SIL_TAG(52:1_FA18:0)_d9_Lipidyzer
TAG,TAG(54:6_FA18:1),896.8,1,597.5,1,10.97,0.5,SIL_TAG(52:2_FA18:1)_d9_Lipidyzer
TAG,TAG(54:6_FA18:2),896.8,1,599.5,1,10.93,0.5,SIL_TAG(52:3_FA18:2)_d9_Lipidyzer
TAG,TAG(54:6_FA18:3),896.8,1,601.5,1,10.96,0.5,SIL_TAG(52:4_FA18:3)_d9_Lipidyzer
TAG,TAG(54:6_FA20:3),896.8,1,573.5,1,10.96,0.5,SIL_TAG(54:4_FA20:3)_d9_Lipidyzer
TAG,TAG(54:6_FA20:4),896.8,1,575.5,1,11.16,0.5,SIL_TAG(54:5_FA20:4)_d9_Lipidyzer
TAG,TAG(54:6_FA20:5),896.8,1,577.5,1,11.23,0.5,SIL_TAG(54:5_FA20:4)_d9_Lipidyzer
TAG,TAG(54:6_FA22:5),896.8,1,549.5,1,11.11,0.5,SIL_TAG(56:7_FA22:6)_d9_Lipidyzer
TAG,TAG(54:6_FA22:6),896.8,1,551.503,1,10.95,0.5,SIL_TAG(56:7_FA22:6)_d9_Lipidyzer
TAG,TAG(54:7_FA16:1),894.8,1,623.5,1,10.78,0.5,SIL_TAG(52:1_FA18:0)_d9_Lipidyzer
TAG,TAG(54:7_FA18:1),894.8,1,595.5,1,10.67,0.5,SIL_TAG(52:2_FA18:1)_d9_Lipidyzer
TAG,TAG(54:7_FA18:2),894.8,1,597.5,1,10.63,0.5,SIL_TAG(52:3_FA18:2)_d9_Lipidyzer
TAG,TAG(54:7_FA18:3),894.8,1,599.5,1,10.64,0.5,SIL_TAG(52:4_FA18:3)_d9_Lipidyzer
TAG,TAG(54:7_FA20:4),894.8,1,573.5,1,10.76,0.5,SIL_TAG(54:5_FA20:4)_d9_Lipidyzer
TAG,TAG(54:7_FA20:5),894.8,1,575.5,1,10.85,0.5,SIL_TAG(54:5_FA20:4)_d9_Lipidyzer
TAG,TAG(54:7_FA22:5),894.8,1,547.5,1,10.89,0.5,SIL_TAG(56:7_FA22:6)_d9_Lipidyzer
TAG,TAG(54:7_FA22:6),894.8,1,549.5,1,10.93,0.5,SIL_TAG(56:7_FA22:6)_d9_Lipidyzer
TAG,TAG(54:8_FA18:2),892.8,1,595.5,1,10.38,0.5,SIL_TAG(52:3_FA18:2)_d9_Lipidyzer
TAG,TAG(54:8_FA18:3),892.8,1,597.5,1,10.36,0.5,SIL_TAG(52:4_FA18:3)_d9_Lipidyzer
TAG,TAG(54:8_FA20:4),892.8,1,571.5,1,10.5,0.5,SIL_TAG(54:5_FA20:4)_d9_Lipidyzer
TAG,TAG(54:8_FA20:5),892.8,1,573.5,1,10.5,0.5,SIL_TAG(54:5_FA20:4)_d9_Lipidyzer
TAG,TAG(54:8_FA22:6),892.8,1,547.5,1,10.62,0.5,SIL_TAG(56:7_FA22:6)_d9_Lipidyzer
TAG,TAG(55:1_FA16:0),920.9,1,647.6,1,13.04,0.5,SIL_TAG(50:1_FA16:0)_d9_Lipidyzer
TAG,TAG(55:1_FA18:1),920.9,1,621.6,1,12.89,0.5,SIL_TAG(52:2_FA18:1)_d9_Lipidyzer
TAG,TAG(55:2_FA18:1),918.8,1,619.5,1,12.89,0.5,SIL_TAG(52:2_FA18:1)_d9_Lipidyzer
TAG,TAG(55:2_FA18:2),918.8,1,621.5,1,12.93,0.5,SIL_TAG(52:3_FA18:2)_d9_Lipidyzer
TAG,TAG(55:3_FA18:1),916.8,1,617.5,1,12.54,0.5,SIL_TAG(52:2_FA18:1)_d9_Lipidyzer
TAG,TAG(55:3_FA18:2),916.8,1,619.5,1,12.62,0.5,SIL_TAG(52:3_FA18:2)_d9_Lipidyzer
TAG,TAG(55:4_FA18:1),914.8,1,615.5,1,12.02,0.5,SIL_TAG(52:2_FA18:1)_d9_Lipidyzer
TAG,TAG(55:4_FA18:2),914.8,1,617.5,1,12.01,0.5,SIL_TAG(52:3_FA18:2)_d9_Lipidyzer
TAG,TAG(55:5_FA18:1),912.8,1,613.5,1,11.55,0.5,SIL_TAG(52:2_FA18:1)_d9_Lipidyzer
TAG,TAG(55:5_FA18:2),912.8,1,615.5,1,11.53,0.5,SIL_TAG(52:3_FA18:2)_d9_Lipidyzer
TAG,TAG(55:5_FA20:4),912.8,1,591.5,1,11.87,0.5,SIL_TAG(54:5_FA20:4)_d9_Lipidyzer
TAG,TAG(55:7_FA22:6),908.8,1,563.5,1,11.16,0.5,SIL_TAG(56:7_FA22:6)_d9_Lipidyzer
TAG,TAG(56:1_FA16:0),934.9,1,661.6,1,12.98,0.5,SIL_TAG(50:1_FA16:0)_d9_Lipidyzer
TAG,TAG(56:1_FA18:1),934.9,1,635.6,1,12.99,0.5,SIL_TAG(52:2_FA18:1)_d9_Lipidyzer
TAG,TAG(56:10_FA18:2),916.7,1,619.4,1,13.05,0.5,SIL_TAG(52:3_FA18:2)_d9_Lipidyzer
TAG,TAG(56:2_FA16:0),932.9,1,659.6,1,12.97,0.5,SIL_TAG(50:1_FA16:0)_d9_Lipidyzer
TAG,TAG(56:2_FA18:0),932.9,1,631.6,1,12.98,0.5,SIL_TAG(52:1_FA18:0)_d9_Lipidyzer
TAG,TAG(56:2_FA20:0),932.9,1,603.6,1,12.82,0.5,SIL_TAG(54:4_FA20:3)_d9_Lipidyzer
TAG,TAG(56:2_FA20:1),932.9,1,605.6,1,12.76,0.5,SIL_TAG(54:4_FA20:3)_d9_Lipidyzer
TAG,TAG(56:3_FA16:0),930.8,1,657.5,1,12.79,0.5,SIL_TAG(50:1_FA16:0)_d9_Lipidyzer
TAG,TAG(56:3_FA18:0),930.8,1,629.5,1,12.8,0.5,SIL_TAG(52:1_FA18:0)_d9_Lipidyzer
TAG,TAG(56:3_FA18:1),930.8,1,631.5,1,12.78,0.5,SIL_TAG(52:2_FA18:1)_d9_Lipidyzer
TAG,TAG(56:3_FA18:2),930.8,1,633.5,1,12.82,0.5,SIL_TAG(52:3_FA18:2)_d9_Lipidyzer
TAG,TAG(56:3_FA20:0),930.8,1,601.5,1,12.83,0.5,SIL_TAG(54:4_FA20:3)_d9_Lipidyzer
TAG,TAG(56:3_FA20:1),930.8,1,603.5,1,12.78,0.5,SIL_TAG(54:4_FA20:3)_d9_Lipidyzer
TAG,TAG(56:3_FA20:2),930.8,1,605.5,1,12.8,0.5,SIL_TAG(54:4_FA20:3)_d9_Lipidyzer
TAG,TAG(56:4_FA16:0),928.8,1,655.5,1,12.47,0.5,SIL_TAG(50:1_FA16:0)_d9_Lipidyzer
TAG,TAG(56:4_FA18:0),928.8,1,627.5,1,12.43,0.5,SIL_TAG(52:1_FA18:0)_d9_Lipidyzer
TAG,TAG(56:4_FA18:1),928.8,1,629.5,1,12.29,0.5,SIL_TAG(52:2_FA18:1)_d9_Lipidyzer
TAG,TAG(56:4_FA18:2),928.8,1,631.5,1,12.31,0.5,SIL_TAG(52:3_FA18:2)_d9_Lipidyzer
TAG,TAG(56:4_FA20:1),928.8,1,601.5,1,12.29,0.5,SIL_TAG(54:4_FA20:3)_d9_Lipidyzer
TAG,TAG(56:4_FA20:2),928.8,1,603.5,1,12.31,0.5,SIL_TAG(54:4_FA20:3)_d9_Lipidyzer
TAG,TAG(56:4_FA20:3),928.8,1,605.5,1,12.43,0.5,SIL_TAG(54:4_FA20:3)_d9_Lipidyzer
TAG,TAG(56:4_FA20:4),928.8,1,607.5,1,12.73,0.5,SIL_TAG(54:5_FA20:4)_d9_Lipidyzer
TAG,TAG(56:4_FA22:4),928.8,1,579.5,1,12.59,0.5,SIL_TAG(56:7_FA22:6)_d9_Lipidyzer
TAG,TAG(56:5_FA16:0),926.8,1,653.5,1,11.96,0.5,SIL_TAG(50:1_FA16:0)_d9_Lipidyzer
TAG,TAG(56:5_FA18:0),926.8,1,625.5,1,12.15,0.5,SIL_TAG(52:1_FA18:0)_d9_Lipidyzer
TAG,TAG(56:5_FA18:1),926.8,1,627.5,1,11.86,0.5,SIL_TAG(52:2_FA18:1)_d9_Lipidyzer
TAG,TAG(56:5_FA18:2),926.8,1,629.5,1,11.79,0.5,SIL_TAG(52:3_FA18:2)_d9_Lipidyzer
TAG,TAG(56:5_FA20:1),926.8,1,599.5,1,11.79,0.5,SIL_TAG(54:4_FA20:3)_d9_Lipidyzer
TAG,TAG(56:5_FA20:2),926.8,1,601.5,1,11.78,0.5,SIL_TAG(54:4_FA20:3)_d9_Lipidyzer
TAG,TAG(56:5_FA20:3),926.8,1,603.5,1,11.86,0.5,SIL_TAG(54:4_FA20:3)_d9_Lipidyzer
TAG,TAG(56:5_FA20:4),926.8,1,605.5,1,12.13,0.5,SIL_TAG(54:5_FA20:4)_d9_Lipidyzer
TAG,TAG(56:5_FA22:4),926.8,1,577.5,1,11.97,0.5,SIL_TAG(56:7_FA22:6)_d9_Lipidyzer
TAG,TAG(56:5_FA22:5),926.8,1,579.5,1,11.57,0.5,SIL_TAG(56:7_FA22:6)_d9_Lipidyzer
TAG,TAG(56:6_FA16:0),924.8,1,651.5,1,11.53,0.5,SIL_TAG(50:1_FA16:0)_d9_Lipidyzer
TAG,TAG(56:6_FA18:0),924.8,1,623.5,1,11.68,0.5,SIL_TAG(52:1_FA18:0)_d9_Lipidyzer
TAG,TAG(56:6_FA18:1),924.8,1,625.5,1,11.59,0.5,SIL_TAG(52:2_FA18:1)_d9_Lipidyzer
TAG,TAG(56:6_FA18:2),924.8,1,627.5,1,11.39,0.5,SIL_TAG(52:3_FA18:2)_d9_Lipidyzer
TAG,TAG(56:6_FA18:3),924.8,1,629.5,1,11.37,0.5,SIL_TAG(52:4_FA18:3)_d9_Lipidyzer
TAG,TAG(56:6_FA20:2),924.8,1,599.5,1,11.34,0.5,SIL_TAG(54:4_FA20:3)_d9_Lipidyzer
TAG,TAG(56:6_FA20:3),924.8,1,601.5,1,11.4,0.5,SIL_TAG(54:4_FA20:3)_d9_Lipidyzer
TAG,TAG(56:6_FA20:4),924.8,1,603.5,1,11.58,0.5,SIL_TAG(54:5_FA20:4)_d9_Lipidyzer
TAG,TAG(56:6_FA20:5),924.8,1,605.5,1,11.73,0.5,SIL_TAG(54:5_FA20:4)_d9_Lipidyzer
TAG,TAG(56:6_FA22:4),924.8,1,575.5,1,11.52,0.5,SIL_TAG(56:7_FA22:6)_d9_Lipidyzer
TAG,TAG(56:6_FA22:5),924.8,1,577.5,1,11.54,0.5,SIL_TAG(56:7_FA22:6)_d9_Lipidyzer
TAG,TAG(56:6_FA22:6),924.8,1,579.5,1,11.4,0.5,SIL_TAG(56:7_FA22:6)_d9_Lipidyzer
TAG,TAG(56:7_FA16:0),922.8,1,649.5,1,11.16,0.5,SIL_TAG(50:1_FA16:0)_d9_Lipidyzer
TAG,TAG(56:7_FA16:1),922.8,1,651.5,1,11.11,0.5,SIL_TAG(52:1_FA18:0)_d9_Lipidyzer
TAG,TAG(56:7_FA18:0),922.8,1,621.5,1,11.33,0.5,SIL_TAG(52:1_FA18:0)_d9_Lipidyzer
TAG,TAG(56:7_FA18:1),922.8,1,623.5,1,11.18,0.5,SIL_TAG(52:2_FA18:1)_d9_Lipidyzer
TAG,TAG(56:7_FA18:2),922.8,1,625.5,1,11.16,0.5,SIL_TAG(52:3_FA18:2)_d9_Lipidyzer
TAG,TAG(56:7_FA18:3),922.8,1,627.5,1,11.06,0.5,SIL_TAG(52:4_FA18:3)_d9_Lipidyzer
TAG,TAG(56:7_FA20:3),922.8,1,599.5,1,11.02,0.5,SIL_TAG(54:4_FA20:3)_d9_Lipidyzer
TAG,TAG(56:7_FA20:4),922.8,1,601.5,1,11.18,0.5,SIL_TAG(54:5_FA20:4)_d9_Lipidyzer
TAG,TAG(56:7_FA20:5),922.8,1,603.5,1,11.25,0.5,SIL_TAG(54:5_FA20:4)_d9_Lipidyzer
TAG,TAG(56:7_FA22:4),922.8,1,573.5,1,11.08,0.5,SIL_TAG(56:7_FA22:6)_d9_Lipidyzer
TAG,TAG(56:7_FA22:5),922.8,1,575.5,1,11.16,0.5,SIL_TAG(56:7_FA22:6)_d9_Lipidyzer
TAG,TAG(56:7_FA22:6),922.8,1,577.5,1,11.39,0.5,SIL_TAG(56:7_FA22:6)_d9_Lipidyzer
TAG,TAG(56:8_FA16:0),920.8,1,647.5,1,11,0.5,SIL_TAG(50:1_FA16:0)_d9_Lipidyzer
TAG,TAG(56:8_FA16:1),920.8,1,649.5,1,10.97,0.5,SIL_TAG(52:1_FA18:0)_d9_Lipidyzer
TAG,TAG(56:8_FA18:1),920.8,1,621.5,1,10.89,0.5,SIL_TAG(52:2_FA18:1)_d9_Lipidyzer
TAG,TAG(56:8_FA18:2),920.8,1,623.5,1,10.83,0.5,SIL_TAG(52:3_FA18:2)_d9_Lipidyzer
TAG,TAG(56:8_FA18:3),920.8,1,625.5,1,10.86,0.5,SIL_TAG(52:4_FA18:3)_d9_Lipidyzer
TAG,TAG(56:8_FA20:4),920.8,1,599.5,1,10.83,0.5,SIL_TAG(54:5_FA20:4)_d9_Lipidyzer
TAG,TAG(56:8_FA20:5),920.8,1,601.5,1,10.85,0.5,SIL_TAG(54:5_FA20:4)_d9_Lipidyzer
TAG,TAG(56:8_FA22:5),920.8,1,573.5,1,10.9,0.5,SIL_TAG(56:7_FA22:6)_d9_Lipidyzer
TAG,TAG(56:8_FA22:6),920.8,1,575.5,1,11,0.5,SIL_TAG(56:7_FA22:6)_d9_Lipidyzer
TAG,TAG(56:9_FA18:3),918.8,1,623.5,1,10.57,0.5,SIL_TAG(52:4_FA18:3)_d9_Lipidyzer
TAG,TAG(56:9_FA20:4),918.8,1,597.5,1,10.54,0.5,SIL_TAG(54:5_FA20:4)_d9_Lipidyzer
TAG,TAG(56:9_FA20:5),918.8,1,599.5,1,10.56,0.5,SIL_TAG(54:5_FA20:4)_d9_Lipidyzer
TAG,TAG(56:9_FA22:6),918.8,1,573.5,1,10.64,0.5,SIL_TAG(56:7_FA22:6)_d9_Lipidyzer
TAG,TAG(57:10_FA22:6),928.7,1,583.4,1,9.75,0.5,SIL_TAG(56:7_FA22:6)_d9_Lipidyzer
TAG,TAG(57:2_FA18:1),946.9,1,647.6,1,13.03,0.5,SIL_TAG(52:2_FA18:1)_d9_Lipidyzer
TAG,TAG(57:3_FA18:2),944.9,1,647.6,1,12.92,0.5,SIL_TAG(52:3_FA18:2)_d9_Lipidyzer
TAG,TAG(58:10_FA18:2),944.8,1,647.5,1,10.67,0.5,SIL_TAG(52:3_FA18:2)_d9_Lipidyzer
TAG,TAG(58:10_FA20:4),944.8,1,623.5,1,10.72,0.5,SIL_TAG(54:5_FA20:4)_d9_Lipidyzer
TAG,TAG(58:10_FA20:5),944.8,1,625.5,1,10.75,0.5,SIL_TAG(54:5_FA20:4)_d9_Lipidyzer
TAG,TAG(58:10_FA22:5),944.8,1,597.5,1,10.68,0.5,SIL_TAG(56:7_FA22:6)_d9_Lipidyzer
TAG,TAG(58:10_FA22:6),944.8,1,599.5,1,10.68,0.5,SIL_TAG(56:7_FA22:6)_d9_Lipidyzer
TAG,TAG(58:2_FA18:1),960.9,1,661.6,1,13.09,0.5,SIL_TAG(52:2_FA18:1)_d9_Lipidyzer
TAG,TAG(58:3_FA18:1),958.9,1,659.6,1,12.99,0.5,SIL_TAG(52:2_FA18:1)_d9_Lipidyzer
TAG,TAG(58:5_FA18:1),954.9,1,655.6,1,12.62,0.5,SIL_TAG(52:2_FA18:1)_d9_Lipidyzer
TAG,TAG(58:6_FA16:0),952.8,1,679.5,1,11.98,0.5,SIL_TAG(50:1_FA16:0)_d9_Lipidyzer
TAG,TAG(58:6_FA18:0),952.8,1,651.5,1,12.06,0.5,SIL_TAG(52:1_FA18:0)_d9_Lipidyzer
TAG,TAG(58:6_FA18:1),952.8,1,653.5,1,11.97,0.5,SIL_TAG(52:2_FA18:1)_d9_Lipidyzer
TAG,TAG(58:6_FA20:4),952.8,1,631.5,1,12.13,0.5,SIL_TAG(54:5_FA20:4)_d9_Lipidyzer
TAG,TAG(58:6_FA22:4),952.8,1,603.5,1,11.99,0.5,SIL_TAG(56:7_FA22:6)_d9_Lipidyzer
TAG,TAG(58:6_FA22:5),952.8,1,605.5,1,12.11,0.5,SIL_TAG(56:7_FA22:6)_d9_Lipidyzer
TAG,TAG(58:7_FA16:0),950.8,1,677.5,1,11.53,0.5,SIL_TAG(50:1_FA16:0)_d9_Lipidyzer
TAG,TAG(58:7_FA18:0),950.8,1,649.5,1,11.88,0.5,SIL_TAG(52:1_FA18:0)_d9_Lipidyzer
TAG,TAG(58:7_FA18:1),950.8,1,651.5,1,11.54,0.5,SIL_TAG(52:2_FA18:1)_d9_Lipidyzer
TAG,TAG(58:7_FA18:2),950.8,1,653.5,1,11.51,0.5,SIL_TAG(52:3_FA18:2)_d9_Lipidyzer
TAG,TAG(58:7_FA20:4),950.8,1,629.5,1,11.66,0.5,SIL_TAG(54:5_FA20:4)_d9_Lipidyzer
TAG,TAG(58:7_FA22:4),950.8,1,601.5,1,11.51,0.5,SIL_TAG(56:7_FA22:6)_d9_Lipidyzer
TAG,TAG(58:7_FA22:5),950.8,1,603.5,1,11.79,0.5,SIL_TAG(56:7_FA22:6)_d9_Lipidyzer
TAG,TAG(58:7_FA22:6),950.8,1,605.5,1,11.92,0.5,SIL_TAG(56:7_FA22:6)_d9_Lipidyzer
TAG,TAG(58:8_FA18:1),948.8,1,649.5,1,11.4,0.5,SIL_TAG(52:2_FA18:1)_d9_Lipidyzer
TAG,TAG(58:8_FA18:2),948.8,1,651.5,1,11.15,0.5,SIL_TAG(52:3_FA18:2)_d9_Lipidyzer
TAG,TAG(58:8_FA20:3),948.8,1,625.5,1,11.42,0.5,SIL_TAG(54:4_FA20:3)_d9_Lipidyzer
TAG,TAG(58:8_FA20:4),948.8,1,627.5,1,11.54,0.5,SIL_TAG(54:5_FA20:4)_d9_Lipidyzer
TAG,TAG(58:8_FA22:5),948.8,1,601.5,1,11.36,0.5,SIL_TAG(56:7_FA22:6)_d9_Lipidyzer
TAG,TAG(58:8_FA22:6),948.8,1,603.5,1,11.4,0.5,SIL_TAG(56:7_FA22:6)_d9_Lipidyzer
TAG,TAG(58:9_FA18:1),946.8,1,647.5,1,11.02,0.5,SIL_TAG(52:2_FA18:1)_d9_Lipidyzer
TAG,TAG(58:9_FA18:2),946.8,1,649.5,1,11,0.5,SIL_TAG(52:3_FA18:2)_d9_Lipidyzer
TAG,TAG(58:9_FA20:4),946.8,1,625.5,1,11.06,0.5,SIL_TAG(54:5_FA20:4)_d9_Lipidyzer
TAG,TAG(58:9_FA22:5),946.8,1,599.5,1,10.97,0.5,SIL_TAG(56:7_FA22:6)_d9_Lipidyzer
TAG,TAG(58:9_FA22:6),946.8,1,601.5,1,11,0.5,SIL_TAG(56:7_FA22:6)_d9_Lipidyzer
TAG,TAG(60:10_FA22:5),972.8,1,625.5,1,11.21,0.5,SIL_TAG(56:7_FA22:6)_d9_Lipidyzer
TAG,TAG(60:10_FA22:6),972.8,1,627.5,1,11.35,0.5,SIL_TAG(56:7_FA22:6)_d9_Lipidyzer
TAG,TAG(60:11_FA22:5),970.8,1,623.5,1,10.87,0.5,SIL_TAG(56:7_FA22:6)_d9_Lipidyzer
TAG,TAG(60:11_FA22:6),970.8,1,625.5,1,10.88,0.5,SIL_TAG(56:7_FA22:6)_d9_Lipidyzer
TAG,TAG(60:12_FA22:6),968.8,1,623.5,1,10.59,0.5,SIL_TAG(56:7_FA22:6)_d9_Lipidyzer
